tree
version=v4
num_class=1
num_tree_per_iteration=1
label_index=0
max_feature_idx=269
objective=binary sigmoid:1
feature_names=Column_0 Column_1 Column_2 Column_3 Column_4 Column_5 Column_6 Column_7 Column_8 Column_9 Column_10 Column_11 Column_12 Column_13 Column_14 Column_15 Column_16 Column_17 Column_18 Column_19 Column_20 Column_21 Column_22 Column_23 Column_24 Column_25 Column_26 Column_27 Column_28 Column_29 Column_30 Column_31 Column_32 Column_33 Column_34 Column_35 Column_36 Column_37 Column_38 Column_39 Column_40 Column_41 Column_42 Column_43 Column_44 Column_45 Column_46 Column_47 Column_48 Column_49 Column_50 Column_51 Column_52 Column_53 Column_54 Column_55 Column_56 Column_57 Column_58 Column_59 Column_60 Column_61 Column_62 Column_63 Column_64 Column_65 Column_66 Column_67 Column_68 Column_69 Column_70 Column_71 Column_72 Column_73 Column_74 Column_75 Column_76 Column_77 Column_78 Column_79 Column_80 Column_81 Column_82 Column_83 Column_84 Column_85 Column_86 Column_87 Column_88 Column_89 Column_90 Column_91 Column_92 Column_93 Column_94 Column_95 Column_96 Column_97 Column_98 Column_99 Column_100 Column_101 Column_102 Column_103 Column_104 Column_105 Column_106 Column_107 Column_108 Column_109 Column_110 Column_111 Column_112 Column_113 Column_114 Column_115 Column_116 Column_117 Column_118 Column_119 Column_120 Column_121 Column_122 Column_123 Column_124 Column_125 Column_126 Column_127 Column_128 Column_129 Column_130 Column_131 Column_132 Column_133 Column_134 Column_135 Column_136 Column_137 Column_138 Column_139 Column_140 Column_141 Column_142 Column_143 Column_144 Column_145 Column_146 Column_147 Column_148 Column_149 Column_150 Column_151 Column_152 Column_153 Column_154 Column_155 Column_156 Column_157 Column_158 Column_159 Column_160 Column_161 Column_162 Column_163 Column_164 Column_165 Column_166 Column_167 Column_168 Column_169 Column_170 Column_171 Column_172 Column_173 Column_174 Column_175 Column_176 Column_177 Column_178 Column_179 Column_180 Column_181 Column_182 Column_183 Column_184 Column_185 Column_186 Column_187 Column_188 Column_189 Column_190 Column_191 Column_192 Column_193 Column_194 Column_195 Column_196 Column_197 Column_198 Column_199 Column_200 Column_201 Column_202 Column_203 Column_204 Column_205 Column_206 Column_207 Column_208 Column_209 Column_210 Column_211 Column_212 Column_213 Column_214 Column_215 Column_216 Column_217 Column_218 Column_219 Column_220 Column_221 Column_222 Column_223 Column_224 Column_225 Column_226 Column_227 Column_228 Column_229 Column_230 Column_231 Column_232 Column_233 Column_234 Column_235 Column_236 Column_237 Column_238 Column_239 Column_240 Column_241 Column_242 Column_243 Column_244 Column_245 Column_246 Column_247 Column_248 Column_249 Column_250 Column_251 Column_252 Column_253 Column_254 Column_255 Column_256 Column_257 Column_258 Column_259 Column_260 Column_261 Column_262 Column_263 Column_264 Column_265 Column_266 Column_267 Column_268 Column_269
feature_infos=[0:5.7620515823364258] none none [0:5.7620515823364258] none none none none none [0:5.733241081237793] [0:5.733241081237793] [0:5.733241081237793] [0:5.6468105316162109] [0:5.6468105316162109] [0:23.048206329345703] none none [0:23.048206329345703] none none none none none [0:28.666206359863281] [0:28.666206359863281] [0:28.666206359863281] [0:22.858434677124023] [0:22.858434677124023] [0:5] [1:3] [0:1.7917594909667969] none [0:1] none [0:1] [0:1] [0.69314718246459961:2.7080502510070801] [0.69314718246459961:2.5649492740631104] none [6.7287255660630763e-05:10] [6.7287255660630763e-05:10] none [0.072153173387050629:7.2725410461425781] none [0.3333333432674408:1] none [0.69314718246459961:2.5649492740631104] none [1:3] none [0.5:1] none [6.7287255660630763e-05:2] none [5.3380241297418252e-05:2] none [6.7287255660630763e-05:2] none [1:3] none none none [0.3333333432674408:1] none none [1.6821813915157691e-05:0.5] [1.6821813915157691e-05:0.5] none none [0:0.80000001192092896] none none none none none none none none [1:6] none none [1:4] [1:4] [0:2] none none none [0:1] [0:1] [0:1] [0:1] [0:1] none none none [0:1] none none none none none none [0:8] none none none none none none none none none none none none none none none none none none [0:16.49339485168457] [0:16.769542694091797] [0:8] [0:4] [0:0.77999997138977051] [0:8] [0:15388] [0:1] [0:8] [0:8] [0:5760] [0:2.1972246170043945] [0:16.174911499023438] [0:2.397895336151123] [0:1.0986123085021973] [0:12.134893417358398] [0:6.9421567916870117] [0:0.69314718246459961] [0:8] [0:8] [0:1855] [0:7.5277938842773438] [0:184.22000122070312] [0:14.219939231872559] none none none none none [0.69314718246459961:2.7080502510070801] none none [0:1] none none none none none [0:1] none [0:1] [0:1] [2:14] [2:13] [0.71428573131561279:5] [28:317] [1.6930693387985229:29.883539199829102] [0:317] [0:114] none none none none none none none none none none none none none none none none none none none none none none none none none none none none none none none none none [0:1] [0:1] [0:1] [0:1] [0:1] [0:1] [0:1] [0:1] [0:1] [0:1] [0:1] [0:1] [0:1] [0:1] [0:1] [0:1] none none none [0:1] [0:1] [0:1] [0:1] [0:1] none none none none [0:1] none none [0:1] [0:1] [0:1] [0:1] none [0:63.840000152587891] none none none none none none none none none none none none none none none none none none none none none none none none none none none none none none
tree_sizes=769 779 881 881 777 888 777 879 890 783 988 1097 782 783 780 1092 997 996 1103 1110 893 1106 1001 1094 1105 1108 992 1107 1203 993 1097 1098 1312 1106 997 1094 887 1093 1099 1209 1200 1090 1099 1206 1193 1207 1099 1094 1209 1096 1206 894 994 1098 994 992 1094 995 1200 992 1102 997 1099 994 1099 997 1201 993 1093 992 794 1201 1093 992 794 1099 994 792 999 1100 1000 993 793 998 893 989 797 887 891 997 998 996 784 886 887 791 993 891 794 900 1002 890 891 897 1001 893 888 888 786 785 786 893 896 894 784 893 898 784 789 789 787 796 790 781 789 788 891 790 790 786 890 795 789 686 683 687 788 679 681 681 676 686 687 691 685 687 678 688 583 686 683 689 684 681 686 683 682 680 578 688 576 577 684 687 687 582 691 678 685 582 685 580 686 685 579 687 575 687 689 691 685 690 580 690 576 685 689 581 688 576 691 683 581 688 579 579 583 577 579 691 579 686 582 581 578 580 580 582 581 579 579 579 578 579 578 690 588 581 690 578 578 575 579 580 474 580 584 582 580 582 688 581 578 580 582 580 580 576 690 579 686 580 580 579 580 577 582 581 580 579 580 579 583 578 581 476 581 580 581 581 582 581 580 583 587 581 579 580 583 588 579 583 588 585 579 582 581 582 582 578 473 582 583 473 585 583 476 582 472 579 579 473 578 582 585 471 578 475 473 579 579 578 582 585 580 583 578 583 581 474 474 581 584 586 475 578 468 583 474 471 584 473 581 474 579 475 585 473 582 582 475 583 585 581 470 580 586 586 474 582 473 475 476 584 474 585 475 585 475 579 583 476 582 474 474 581 581 585 477 473 474 582 476 585 579 474 584 475 478 474 585 472 475 474 580 474 479 473 471 473 474 476 474 474 474 584 476 475 579 476 474 472 587 476 480 586

Tree=0
num_leaves=6
num_cat=0
split_feature=169 165 69 133 122
split_gain=362.962 150.718 132.402 29.0425 1.6114
threshold=58.500000000000007 2.4166666269302373 1.0000000180025095e-35 2.5152189731597905 12.669194221496584
decision_type=2 2 2 2 2
left_child=2 -2 3 4 -1
right_child=1 -3 -4 -5 -6
leaf_value=-0.44486552460683737 -0.43094171794371244 -0.24586066276950963 -0.29720551199459777 -0.3870395735197053 -0.42228440452909638
leaf_weight=108.71136763691902 13.002400845289229 55.043926060199738 19.964397460222244 31.241701900959015 22.079694241285324
leaf_count=273 10 302 85 88 68
internal_value=-0.379404 -0.281658 -0.41621 -0.431203 -0.441511
internal_weight=250.043 68.0463 181.997 162.033 130.791
internal_count=826 312 514 429 341
is_linear=0
shrinkage=1


Tree=1
num_leaves=6
num_cat=0
split_feature=169 165 69 133 122
split_gain=327.272 133.734 121.051 27.1277 1.5274
threshold=58.500000000000007 2.4166666269302373 1.0000000180025095e-35 2.5152189731597905 12.669194221496584
decision_type=2 2 2 2 2
left_child=2 -2 3 4 -1
right_child=1 -3 -4 -5 -6
leaf_value=-0.076400957856099419 -0.062915007861290881 0.11193909176494712 0.06457777654676812 -0.020325517548727919 -0.054401194667004965
leaf_weight=107.00585326552391 12.836877629160879 56.054160386323929 20.190444320440292 31.118303209543228 21.838304802775383
leaf_count=273 10 302 85 88 68
internal_value=-0.0130478 0.0789235 -0.0484595 -0.0630396 -0.0731198
internal_weight=249.044 68.891 180.153 159.962 128.844
internal_count=826 312 514 429 341
is_linear=0
shrinkage=0.05


Tree=2
num_leaves=7
num_cat=0
split_feature=169 165 136 65 133 122
split_gain=296.417 119.677 80.4406 51.1114 18.6681 1.62756
threshold=58.500000000000007 2.4166666269302373 2.7212089300155644 0.004183980869129301 2.5152189731597905 12.669194221496584
decision_type=2 2 2 2 2 2
left_child=2 -2 4 -4 5 -1
right_child=1 -3 3 -5 -6 -7
leaf_value=-0.072917658476037941 -0.0608175056716031 0.10530629718441756 -0.025391738587264536 0.098829194369496415 -0.015617975563130201 -0.05114313289186484
leaf_weight=104.02724108099937 12.654728963971136 56.651132375001907 20.578405827283859 12.526220932602881 19.118279740214348 21.770986199378967
leaf_count=269 10 302 48 67 61 69
internal_value=-0.0125144 0.0745397 -0.0466328 0.0231309 -0.0626189 -0.0695824
internal_weight=247.327 69.3059 178.021 33.1046 144.917 125.798
internal_count=826 312 514 115 399 338
is_linear=0
shrinkage=0.05


Tree=3
num_leaves=7
num_cat=0
split_feature=169 165 136 56 133 122
split_gain=269.425 107.849 74.4499 46.0331 17.5791 1.58351
threshold=58.500000000000007 2.4166666269302373 2.7212089300155644 0.016711848787963394 2.5152189731597905 12.669194221496584
decision_type=2 2 2 2 2 2
left_child=2 -2 4 -4 5 -1
right_child=1 -3 3 -5 -6 -7
leaf_value=-0.070709440478720895 -0.058864436817826063 0.099699065982965518 -0.024293951421418492 0.09335892553912388 -0.014921755848291621 -0.049297614215294966
leaf_weight=101.99486336112022 12.459025010466574 56.893870502710342 20.484335064888 12.653131559491156 19.058008849620819 21.501047551631927
leaf_count=269 10 302 48 67 61 69
internal_value=-0.0120257 0.0707818 -0.0449289 0.0220492 -0.0605435 -0.0674075
internal_weight=245.044 69.3529 175.691 33.1375 142.554 123.496
internal_count=826 312 514 115 399 338
is_linear=0
shrinkage=0.05


Tree=4
num_leaves=6
num_cat=0
split_feature=169 165 69 133 122
split_gain=245.675 97.7606 96.9958 22.7117 1.43274
threshold=58.500000000000007 2.4166666269302373 1.0000000180025095e-35 2.5152189731597905 12.669194221496584
decision_type=2 2 2 2 2
left_child=2 -2 3 4 -1
right_child=1 -3 -4 -5 -6
leaf_value=-0.06988952187189619 -0.05703754016475189 0.094899422708692657 0.05691103638647807 -0.01793952454757879 -0.048881703326240263
leaf_weight=100.91303272545338 12.252469360828398 56.833694487810135 20.439608633518219 30.772354543209076 21.028834670782089
leaf_count=273 10 302 85 88 68
internal_value=-0.0115803 0.067524 -0.0433484 -0.0570503 -0.0666938
internal_weight=242.24 69.0862 173.154 152.714 121.942
internal_count=826 312 514 429 341
is_linear=0
shrinkage=0.05


Tree=5
num_leaves=7
num_cat=0
split_feature=169 69 165 159 122 122
split_gain=224.642 89.2324 89.0567 17.4653 54.3425 0.781763
threshold=58.500000000000007 1.0000000180025095e-35 2.4166666269302373 1.0000000180025095e-35 8.7931556701660174 12.669194221496584
decision_type=2 2 2 2 2 2
left_child=1 3 -2 5 -5 -1
right_child=2 -3 -4 4 -6 -7
leaf_value=-0.069105617717670875 -0.055321351259717245 0.054014075110020481 0.090747308872738408 -0.070892878347924015 0.041253543987030718 -0.049048186221777111
leaf_weight=88.344759181141853 12.037442699074743 20.510682329535484 56.515371829271317 26.821444824337959 16.818394646048546 17.976325899362564
leaf_count=213 10 85 302 93 59 64
internal_value=-0.0111749 -0.041875 0.064672 -0.055261 -0.0277167 -0.066203
internal_weight=239.024 170.472 68.5528 149.961 43.6398 106.321
internal_count=826 514 312 429 152 277
is_linear=0
shrinkage=0.05


Tree=6
num_leaves=6
num_cat=0
split_feature=169 165 136 42 133
split_gain=205.917 81.4741 59.2018 42.0731 15.7823
threshold=58.500000000000007 2.4166666269302373 2.7212089300155644 0.22913131117820743 2.5152189731597905
decision_type=2 2 2 2 2
left_child=2 -2 4 -4 -1
right_child=1 -3 3 -5 -6
leaf_value=-0.061967017361260063 -0.053702723343772546 0.087122458344348397 -0.023790912862745844 0.089772674671074595 -0.011822832855437684
leaf_weight=115.9310120344162 11.816035807132719 55.978058338165283 20.96953321993351 12.040359780192373 18.743532374501228
leaf_count=338 10 302 51 64 61
internal_value=-0.0108064 0.0621538 -0.0404975 0.0190531 -0.0551267
internal_weight=235.479 67.7941 167.684 33.0099 134.675
internal_count=826 312 514 115 399
is_linear=0
shrinkage=0.05


Tree=7
num_leaves=7
num_cat=0
split_feature=12 168 134 136 143 122
split_gain=151.215 159.35 46.4542 18.6167 3.3048 1.42542
threshold=3.4526133537292485 75.000000000000014 1.1512925624847414 6.8211069107055673 0.21499999612569812 13.066531658172609
decision_type=2 2 2 2 2 2
left_child=2 3 5 4 -2 -1
right_child=1 -3 -4 -5 -6 -7
leaf_value=-0.066558449667315431 0.085778985914536227 -0.055333407446775354 0.022878802191156161 0.0084491969601879057 0.04539893430380576 -0.045338302827455046
leaf_weight=80.685917928814888 56.911477789282799 35.787866324186325 18.178722232580185 10.565670788288115 9.6571997702121717 19.838409766554832
leaf_count=299 310 30 64 32 42 49
internal_value=-0.0104432 0.0308415 -0.0496469 0.0710204 0.0806796 -0.0628585
internal_weight=231.625 112.922 118.703 77.1343 66.5687 100.524
internal_count=826 414 412 384 352 348
is_linear=0
shrinkage=0.05


Tree=8
num_leaves=7
num_cat=0
split_feature=169 69 165 159 122 239
split_gain=173.413 71.5355 70.2591 16.6064 48.8314 1.06624
threshold=58.500000000000007 1.0000000180025095e-35 2.4166666269302373 1.0000000180025095e-35 8.7931556701660174 39.725000381469734
decision_type=2 2 2 2 2 2
left_child=1 3 -2 5 -5 -1
right_child=2 -3 -4 4 -6 -7
leaf_value=-0.064871224427328539 -0.051383773711854243 0.047868682439988347 0.081228089349081711 -0.066420237885263883 0.041278395495192841 -0.044578112904306938
leaf_weight=81.289959371089935 11.462867826223372 20.414092287421227 54.418694823980331 25.107352927327156 16.763071522116661 18.257234409451485
leaf_count=223 10 85 302 93 59 54
internal_value=-0.0101057 -0.037907 0.0577314 -0.0505382 -0.0233454 -0.0616298
internal_weight=227.713 161.832 65.8816 141.418 41.8704 99.5472
internal_count=826 514 312 429 152 277
is_linear=0
shrinkage=0.05


Tree=9
num_leaves=6
num_cat=0
split_feature=169 69 165 133 122
split_gain=159.824 66.0868 64.9018 19.3947 1.55368
threshold=58.500000000000007 1.0000000180025095e-35 2.4166666269302373 2.5152189731597905 12.669194221496584
decision_type=2 2 2 2 2
left_child=1 3 -2 4 -1
right_child=2 -3 -4 -5 -6
leaf_value=-0.062205552613366126 -0.049965534056462708 0.045651597675116902 0.078695041346433695 -0.012846904926499942 -0.041256305178821444
leaf_weight=89.188848212361336 11.233079597353933 20.384478658437729 53.419152095913887 29.77242873609066 19.456415742635727
leaf_count=273 10 85 302 88 68
internal_value=-0.00981051 -0.0367536 0.0559202 -0.0491296 -0.0588644
internal_weight=223.454 158.802 64.6522 138.418 108.645
internal_count=826 514 312 429 341
is_linear=0
shrinkage=0.05


Tree=10
num_leaves=8
num_cat=0
split_feature=12 168 134 136 143 122 39
split_gain=119.435 122.622 41.8328 17.404 2.85939 1.45436 0.00724796
threshold=3.4526133537292485 75.000000000000014 1.1512925624847414 6.8211069107055673 0.21499999612569812 13.066531658172609 0.21187347918748858
decision_type=2 2 2 2 2 2 2
left_child=2 3 5 4 -2 6 -1
right_child=1 -3 -4 -5 -6 -7 -8
leaf_value=-0.064889226212329301 0.078207024123829932 -0.05082005924651576 0.023172384062071744 0.0037863941627365311 0.040303755140831447 -0.041386912571890269 -0.045777578433511538
leaf_weight=63.260933548212051 54.163413479924202 33.152089685201645 18.074041157960892 10.571481034159659 9.2809934020042402 18.88278865814209 11.722402036190031
leaf_count=274 310 30 64 32 42 49 25
internal_value=-0.00952444 0.0280742 -0.0454501 0.0636178 0.0733738 -0.0587684 -0.0625432
internal_weight=219.108 107.168 111.94 74.0159 63.4444 93.8661 74.9833
internal_count=826 414 412 384 352 348 299
is_linear=0
shrinkage=0.05


Tree=11
num_leaves=9
num_cat=0
split_feature=169 165 136 42 133 123 128 128
split_gain=135.822 56.8984 41.9224 32.5682 13.7926 0.357495 0.614944 1.28056
threshold=58.500000000000007 2.4166666269302373 2.7212089300155644 0.22913131117820743 2.5152189731597905 1.4399999976158144 0.46500000357627874 0.90500000119209301
decision_type=2 2 2 2 2 2 2 2
left_child=2 -2 4 -4 5 -1 -7 -8
right_child=1 -3 3 -5 -6 6 7 -9
leaf_value=-0.042595120761684417 -0.047951590106945913 0.074476699370460656 -0.022247537612790882 0.078975401113592802 -0.0072894206206430556 -0.064055001551967694 -0.036449246690164104 -0.059940895416588771
leaf_weight=20.720751121640205 10.87303753197193 51.172133818268776 20.464437216520309 11.677603513002394 18.100622713565826 43.63403531908989 20.034333467483521 18.129514694213867
leaf_count=75 10 302 51 64 61 104 90 69
internal_value=-0.00925285 0.0526016 -0.0345542 0.0158013 -0.0479923 -0.055039 -0.0576387 -0.0488544
internal_weight=214.806 62.0452 152.761 32.142 120.619 102.519 81.7979 38.1638
internal_count=826 312 514 115 399 338 263 159
is_linear=0
shrinkage=0.05


Tree=12
num_leaves=6
num_cat=0
split_feature=169 69 165 133 122
split_gain=125.646 53.395 52.9146 17.5952 1.762
threshold=58.500000000000007 1.0000000180025095e-35 2.4166666269302373 2.5152189731597905 12.669194221496584
decision_type=2 2 2 2 2
left_child=1 3 -2 4 -1
right_child=2 -3 -4 -5 -6
leaf_value=-0.058720056945494328 -0.046681797091790232 0.040894999879031689 0.072616772096861029 -0.010722892810908201 -0.037014732281095926
leaf_weight=82.030574783682823 10.643431663513182 20.046320334076881 49.916084229946136 29.286871746182442 18.423897862434387
leaf_count=273 10 85 302 88 68
internal_value=-0.00901256 -0.0335479 0.0512321 -0.0452748 -0.0551433
internal_weight=210.347 149.788 60.5595 129.741 100.454
internal_count=826 514 312 429 341
is_linear=0
shrinkage=0.05


Tree=13
num_leaves=6
num_cat=0
split_feature=169 69 165 133 167
split_gain=116.287 49.4058 49.3006 16.9143 0.253527
threshold=58.500000000000007 1.0000000180025095e-35 2.4166666269302373 2.5152189731597905 4.6054465770721444
decision_type=2 2 2 2 2
left_child=1 3 -2 4 -1
right_child=2 -3 -4 -5 -6
leaf_value=-0.05788361318307305 -0.045461045914319202 0.039110834439288859 0.070926857994173559 -0.010236072084201719 -0.045508600980894952
leaf_weight=62.745372995734215 10.415461882948874 19.960552215576172 48.60712006688118 29.195690229535103 34.899453654885292
leaf_count=303 10 85 302 88 38
internal_value=-0.00876751 -0.032563 0.0499732 -0.0440598 -0.0539668
internal_weight=205.824 146.801 59.0226 126.841 97.6448
internal_count=826 514 312 429 341
is_linear=0
shrinkage=0.05


Tree=14
num_leaves=6
num_cat=0
split_feature=169 165 69 133 122
split_gain=107.71 46.0106 45.7234 16.26 1.9735
threshold=58.500000000000007 2.4166666269302373 1.0000000180025095e-35 2.5152189731597905 12.669194221496584
decision_type=2 2 2 2 2
left_child=2 -2 3 4 -1
right_child=1 -3 -4 -5 -6
leaf_value=-0.056630981148113796 -0.044284625992956808 0.069385551092038866 0.037424629019851198 -0.0097704921557023663 -0.034033007423402449
leaf_weight=77.244365602731705 10.18988201022148 47.258916810154915 19.864408910274506 29.107522889971733 17.663526609539986
leaf_count=273 10 302 85 88 68
internal_value=-0.00853375 0.0488108 -0.0316093 -0.0428779 -0.0528239
internal_weight=201.329 57.4488 143.88 124.015 94.9079
internal_count=826 312 514 429 341
is_linear=0
shrinkage=0.05


Tree=15
num_leaves=9
num_cat=0
split_feature=169 165 132 0 136 239 122 167
split_gain=99.8477 43.006 35.9619 37.5937 18.3696 7.10868 2.35604 0.511435
threshold=58.500000000000007 2.4166666269302373 1.0000000180025095e-35 4.0407375097274789 6.8211069107055673 23.295000076293949 13.05343008041382 4.1968610286712655
decision_type=2 2 2 2 2 2 2 2
left_child=2 -2 6 4 5 -4 7 -1
right_child=1 -3 3 -5 -6 -7 -8 -9
leaf_value=-0.061534119439790251 -0.043148403586137418 0.067974813451337532 0.022458786485800311 -0.047441699672218327 -0.014102556134836748 0.07913615293391324 -0.02734802858207059 -0.039400817504525953
leaf_weight=52.783057406544685 9.9673330187797529 45.883373156189919 11.346857979893686 28.366998001933098 16.013930410146713 12.301897868514059 9.6179838180541974 10.529592528939245
leaf_count=271 10 302 42 27 40 69 43 22
internal_value=-0.00830938 0.0477332 -0.0306942 -0.00439237 0.0268063 0.0539563 -0.0548372 -0.058523
internal_weight=196.811 55.8507 140.96 68.0297 39.6627 23.6488 72.9306 63.3126
internal_count=826 312 514 178 151 111 336 293
is_linear=0
shrinkage=0.05


Tree=16
num_leaves=8
num_cat=0
split_feature=169 165 69 159 122 239 167
split_gain=92.6383 40.2542 40.1751 16.3462 42.6623 1.91314 0.606389
threshold=58.500000000000007 2.4166666269302373 1.0000000180025095e-35 1.0000000180025095e-35 8.7931556701660174 39.774999618530281 5.7386724948883066
decision_type=2 2 2 2 2 2 2
left_child=2 -2 3 5 -5 6 -1
right_child=1 -3 -4 4 -6 -7 -8
leaf_value=-0.062448795206638853 -0.04204876869475993 0.066679350737544968 0.035116924466500686 -0.058969830499239373 0.046797390063247332 -0.032704136625760695 -0.045234841234621459
leaf_weight=43.081231340765953 9.7483537644147855 44.490815192461014 19.629805862903595 20.631530061364174 16.092523381114006 14.723082453012465 23.970566846430302
leaf_count=202 10 302 85 93 59 51 24
internal_value=-0.0081011 0.0467303 -0.0298129 -0.0407727 -0.0126106 -0.0531148 -0.0570501
internal_weight=192.368 54.2392 138.129 118.499 36.7241 81.7749 67.0518
internal_count=826 312 514 429 152 277 226
is_linear=0
shrinkage=0.05


Tree=17
num_leaves=8
num_cat=0
split_feature=169 165 69 159 121 166 39
split_gain=86.0687 37.7274 37.2627 15.5723 32.0852 2.15664 0.858543
threshold=58.500000000000007 2.4166666269302373 1.0000000180025095e-35 1.0000000180025095e-35 8.4321231842041033 38.500000000000007 0.032820008695125587
decision_type=2 2 2 2 2 2 2
left_child=2 -2 3 5 -5 -1 -7
right_child=1 -3 -4 4 -6 6 -8
leaf_value=-0.062462123605423803 -0.040982562559842825 0.065486087240380145 0.03363660514925762 0.030520379884560113 -0.061396969935249582 -0.030225194209461254 -0.049046147127510882
leaf_weight=35.454353511333466 9.5333937555551511 43.09018212556839 19.515949711203575 19.631069011986256 16.646060928702354 17.380606658756733 26.61379823833704
leaf_count=170 10 302 85 63 89 62 45
internal_value=-0.00791556 0.0457934 -0.0289968 -0.039757 -0.0121723 -0.0520446 -0.0424477
internal_weight=187.865 52.6236 135.242 115.726 36.2771 79.4488 43.9944
internal_count=826 312 514 429 152 277 107
is_linear=0
shrinkage=0.05


Tree=18
num_leaves=9
num_cat=0
split_feature=169 165 69 159 137 166 40 128
split_gain=80.0069 35.4015 34.5594 14.8662 47.5414 2.1178 0.350251 0.139229
threshold=58.500000000000007 2.4166666269302373 1.0000000180025095e-35 1.0000000180025095e-35 1.0000000180025095e-35 38.500000000000007 0.042198287323117263 0.90500000119209301
decision_type=2 2 2 2 2 2 2 2
left_child=2 -2 3 5 7 -1 -7 -5
right_child=1 -3 -4 4 -6 6 -8 -9
leaf_value=-0.061490600758140827 -0.039947016081445463 0.064383794526891858 0.032227837714710827 -0.038118377214393782 0.068858784153897221 -0.032004596645345829 -0.04719848019344533 -0.058699256363918872
leaf_weight=34.25990192592144 9.3228217214345914 41.68917378783226 19.397359549999237 11.976655058562757 11.41232308745384 18.755108878016472 24.155757695436478 12.520600706338881
leaf_count=170 10 302 85 32 50 73 34 70
internal_value=-0.00773937 0.0449151 -0.0281992 -0.0387562 -0.0117476 -0.0510129 -0.0414378 -0.0505269
internal_weight=183.49 51.012 132.478 113.08 35.9096 77.1708 42.9109 24.4973
internal_count=826 312 514 429 152 277 107 102
is_linear=0
shrinkage=0.05


Tree=19
num_leaves=9
num_cat=0
split_feature=169 165 69 159 137 166 39 128
split_gain=74.4658 33.256 32.1125 14.0989 43.6921 2.08958 0.878527 0.208996
threshold=58.500000000000007 2.4166666269302373 1.0000000180025095e-35 1.0000000180025095e-35 1.0000000180025095e-35 38.500000000000007 0.032820008695125587 0.88499999046325695
decision_type=2 2 2 2 2 2 2 2
left_child=2 -2 3 5 7 -1 -7 -5
right_child=1 -3 -4 4 -6 6 -8 -9
leaf_value=-0.060578997335830144 -0.038939706305879958 0.063362742831062066 0.030885186012161833 -0.036773199851782248 0.065110651143747644 -0.028259982287206206 -0.047206712393757108 -0.057890913530870197
leaf_weight=33.081626623868942 9.1169367507100088 40.294406920671463 19.275201052427292 11.600027509033682 11.520412027835844 16.778311029076576 25.081993505358696 12.235788658261297
leaf_count=170 10 302 85 31 50 62 45 71
internal_value=-0.00757772 0.0440888 -0.0274669 -0.0378502 -0.0113973 -0.0500157 -0.0404491 -0.0495081
internal_weight=178.985 49.4113 129.573 110.298 35.3562 74.9419 41.8603 23.8358
internal_count=826 312 514 429 152 277 107 102
is_linear=0
shrinkage=0.05


Tree=20
num_leaves=7
num_cat=0
split_feature=169 165 69 132 122 167
split_gain=69.3509 31.2728 29.8556 13.556 0.840791 0.50659
threshold=58.500000000000007 2.4166666269302373 1.0000000180025095e-35 1.0000000180025095e-35 13.051830291748049 4.1968610286712655
decision_type=2 2 2 2 2 2
left_child=2 -2 3 4 5 -1
right_child=1 -3 -4 -5 -6 -7
leaf_value=-0.057786697690704616 -0.037958503527784154 0.062414485718875916 0.029603875809697325 -0.015568234288569717 -0.030578500572240347 -0.035242814043797414
leaf_weight=44.826650261878967 8.9159757643938047 38.911527067422867 19.150496363639832 45.018164336681366 8.6051093861460668 9.0954136848449689
leaf_count=268 10 302 85 97 43 21
internal_value=-0.00742294 0.0433088 -0.0267633 -0.0369808 -0.0519096 -0.054695
internal_weight=174.523 47.8275 126.696 107.545 62.5272 53.9221
internal_count=826 312 514 429 332 289
is_linear=0
shrinkage=0.05


Tree=21
num_leaves=9
num_cat=0
split_feature=169 165 69 159 134 122 128 167
split_gain=64.4806 29.4363 27.6438 13.9012 39.5976 2.25406 0.337932 0.204718
threshold=58.500000000000007 2.4166666269302373 1.0000000180025095e-35 1.0000000180025095e-35 1.0000000180025095e-35 12.669194221496584 0.88499999046325695 3.8118762969970708
decision_type=2 2 2 2 2 2 2 2
left_child=2 -2 3 5 6 7 -5 -1
right_child=1 -3 -4 4 -6 -7 -8 -9
leaf_value=-0.059781588312067903 -0.037001562556653558 0.0615316361272292 0.028379699980233777 -0.034270388569495505 0.06253031360785459 -0.026182368909615936 -0.056433463005369749 -0.045067095541931439
leaf_weight=27.048890978097916 8.720120854675768 37.545323021709919 19.024138599634171 11.058046452701094 11.581490784883497 12.85595131665468 11.413762062788008 31.317017361521721
leaf_count=157 10 302 85 31 50 64 71 56
internal_value=-0.00724338 0.0425702 -0.0259762 -0.0359734 -0.00933039 -0.0484067 -0.0474521 -0.0527785
internal_weight=170.565 46.2654 124.299 105.275 34.0533 71.2219 22.4718 58.3659
internal_count=826 312 514 429 152 277 102 213
is_linear=0
shrinkage=0.05


Tree=22
num_leaves=8
num_cat=0
split_feature=169 165 69 159 134 126 129
split_gain=60.1077 27.7327 25.7173 13.1616 36.4742 2.41685 0.192506
threshold=58.500000000000007 2.4166666269302373 1.0000000180025095e-35 1.0000000180025095e-35 1.0000000180025095e-35 5.9249999523162851 7.3250000476837167
decision_type=2 2 2 2 2 2 2
left_child=2 -2 3 5 6 -1 -5
right_child=1 -3 -4 4 -6 -7 -8
leaf_value=-0.051582032465198935 -0.036067248678557956 0.060707699179315844 0.027208937368880748 -0.034790748955269145 0.059368205642493545 -0.022401814333523663 -0.055521575675608094
leaf_weight=58.527947418391705 8.5295075327157956 36.199830442667007 18.896905869245529 11.597335338592531 11.640058010816572 10.599047325551508 10.258945837616919
leaf_count=234 10 302 85 37 50 43 65
internal_value=-0.00709953 0.0418684 -0.0253183 -0.0351598 -0.00907249 -0.0474912 -0.0465249
internal_weight=166.25 44.7293 121.52 102.623 33.4963 69.127 21.8563
internal_count=826 312 514 429 152 277 102
is_linear=0
shrinkage=0.05


Tree=23
num_leaves=9
num_cat=0
split_feature=169 165 132 167 136 122 12 167
split_gain=56.028 26.15 24.0771 23.3617 18.9389 2.8396 2.58403 1.17318
threshold=58.500000000000007 2.4166666269302373 1.0000000180025095e-35 6.0883164405822763 6.8211069107055673 13.066531658172609 1.0000000180025095e-35 4.1968610286712655
decision_type=2 2 2 2 2 2 2 2
left_child=2 -2 5 4 6 7 -4 -1
right_child=1 -3 3 -5 -6 -7 -8 -9
leaf_value=-0.055896746900794839 -0.035154158940250271 0.059936955643822357 0.06546523941691515 -0.0431364638483464 -0.021822605411110474 -0.016877639375599465 0.028739256525219421 -0.029236457331273825
leaf_weight=41.212737157940865 8.3442283049225789 34.878422468900681 10.920051246881487 21.706802226603031 15.530578374862669 7.9067992269992819 12.834611520171164 8.6417297273874265
leaf_count=273 10 302 49 25 40 41 64 22
internal_value=-0.00694643 0.0411996 -0.0246678 -0.00261785 0.0202855 -0.0475104 0.0475848 -0.0519413
internal_weight=161.976 43.2227 118.753 60.992 39.2852 57.7613 23.7547 49.8545
internal_count=826 312 514 178 153 336 113 295
is_linear=0
shrinkage=0.05


Tree=24
num_leaves=9
num_cat=0
split_feature=169 165 69 159 134 166 132 128
split_gain=52.1399 24.6773 23.511 12.298 31.5547 2.48809 3.02529 0.494172
threshold=58.500000000000007 2.4166666269302373 1.0000000180025095e-35 1.0000000180025095e-35 1.0000000180025095e-35 38.500000000000007 0.89587974548339855 0.88499999046325695
decision_type=2 2 2 2 2 2 2 2
left_child=2 -2 3 5 7 -1 -7 -5
right_child=1 -3 -4 4 -6 6 -8 -9
leaf_value=-0.0578632519701371 -0.034261059348967247 0.059214316632974509 0.026324359048130859 -0.030922014733607457 0.054778767111461235 -0.018974325815172471 -0.049111007980253918 -0.054496298510702229
leaf_weight=28.732637263834476 8.1643399596214277 33.583878248929977 18.738278731703758 10.337514877319338 11.669783130288122 17.670233547687531 19.105154432356358 10.267831541597841
leaf_count=170 10 302 85 31 50 89 18 71
internal_value=-0.00677585 0.0405603 -0.0239366 -0.0337372 -0.00813216 -0.0460406 -0.0355162 -0.0446479
internal_weight=158.27 41.7482 116.521 97.7832 32.2751 65.508 36.7754 20.6053
internal_count=826 312 514 429 152 277 107 102
is_linear=0
shrinkage=0.05


Tree=25
num_leaves=9
num_cat=0
split_feature=169 165 69 159 134 122 167 129
split_gain=48.6598 23.3051 21.8811 11.6171 29.1506 2.44015 0.423568 0.332881
threshold=58.500000000000007 2.4166666269302373 1.0000000180025095e-35 1.0000000180025095e-35 1.0000000180025095e-35 12.669194221496584 3.8118762969970708 7.3250000476837167
decision_type=2 2 2 2 2 2 2 2
left_child=2 -2 3 5 7 6 -1 -5
right_child=1 -3 -4 4 -6 -7 -8 -9
leaf_value=-0.057754836870789944 -0.033386882835703069 0.058535279279012378 0.025240599102381446 -0.03158191760155598 0.052245154032308776 -0.021946891764344646 -0.041548542972176764 -0.05362143665017477
leaf_weight=23.833024129271507 7.9898664355278006 32.318462915718555 18.611916586756706 10.822917573153978 11.672274425625799 11.845379188656805 27.918815493583679 9.2187014743685705
leaf_count=157 10 302 85 37 50 64 56 65
internal_value=-0.00664664 0.0399474 -0.0233367 -0.0329863 -0.00792529 -0.0451672 -0.0499653 -0.0437862
internal_weight=154.231 40.3083 113.923 95.3111 31.7139 63.5972 51.7518 20.0416
internal_count=826 312 514 429 152 277 213 102
is_linear=0
shrinkage=0.05


Tree=26
num_leaves=8
num_cat=0
split_feature=169 165 132 239 122 167 42
split_gain=45.4273 22.025 20.6684 21.0483 2.94824 1.30312 0.102848
threshold=58.500000000000007 2.4166666269302373 1.0000000180025095e-35 23.775000572204593 13.066531658172609 4.1968610286712655 0.30940462648868566
decision_type=2 2 2 2 2 2 2
left_child=2 -2 4 -4 5 6 -1
right_child=1 -3 3 -5 -6 -7 -8
leaf_value=-0.05702840962180631 -0.032530704617141998 0.057895797393777641 0.040140316823195722 -0.022687968243741169 -0.013740842570322105 -0.026415791197067225 -0.03392162013871472
leaf_weight=31.058785483241081 7.8208057656884185 31.08398425579071 18.820129387080669 39.723822742700577 7.4827098026871672 8.1414919197559339 6.1454346477985373
leaf_count=237 10 302 93 85 41 22 36
internal_value=-0.00652087 0.0393582 -0.0227551 -0.00215563 -0.045119 -0.0498887 -0.0541994
internal_weight=150.277 38.9048 111.372 58.544 52.8284 45.3457 37.2042
internal_count=826 312 514 178 336 295 273
is_linear=0
shrinkage=0.05


Tree=27
num_leaves=9
num_cat=0
split_feature=169 165 69 159 134 166 132 128
split_gain=42.2991 20.8292 19.739 11.1298 25.9287 2.72993 3.33615 0.620307
threshold=58.500000000000007 2.4166666269302373 1.0000000180025095e-35 1.0000000180025095e-35 1.0000000180025095e-35 38.500000000000007 0.89587974548339855 0.88499999046325695
decision_type=2 2 2 2 2 2 2 2
left_child=2 -2 3 5 7 -1 -7 -5
right_child=1 -3 -4 4 -6 6 -8 -9
leaf_value=-0.056508653358335971 -0.031691727879263061 0.057292249325274727 0.02416239689119877 -0.027883409503138574 0.049559643504232365 -0.015129406383252645 -0.047374845391856414 -0.052759850636995523
leaf_weight=26.378153547644615 7.6571319699287406 29.881855599582195 18.426796436309814 9.7067115604877525 11.641832113265989 16.447078838944435 17.682539507746696 9.202389180660246
leaf_count=170 10 302 85 31 50 89 18 71
internal_value=-0.00636456 0.0387901 -0.0220576 -0.0315716 -0.00666514 -0.0438343 -0.0327088 -0.0420318
internal_weight=147.024 37.539 109.486 91.0587 30.5509 60.5078 34.1296 18.9091
internal_count=826 312 514 429 152 277 107 102
is_linear=0
shrinkage=0.05


Tree=28
num_leaves=10
num_cat=0
split_feature=169 165 132 167 136 137 122 167 42
split_gain=39.5082 19.711 18.7704 17.1984 18.2498 4.18593 3.03965 1.36029 0.167263
threshold=58.500000000000007 2.4166666269302373 1.0000000180025095e-35 6.0883164405822763 6.8211069107055673 2.4414010047912602 13.066531658172609 4.1968610286712655 0.30940462648868566
decision_type=2 2 2 2 2 2 2 2 2
left_child=2 -2 6 4 5 -4 7 8 -1
right_child=1 -3 3 -5 -6 -7 -8 -9 -10
leaf_value=-0.056152382312392758 -0.030869268895445497 0.056721388044100686 0.063244649500564312 -0.039454402455436424 -0.024059706728284353 0.01845280586876314 -0.01161221911089977 -0.024831354700188595 -0.032245049097252003
leaf_weight=28.963387161493301 7.498798355460166 28.713135100901127 12.712121412158014 19.056216403841972 15.210041433572767 10.246464081108568 7.2057009711861602 7.8753124698996535 5.8029497489333144
leaf_count=237 10 302 71 25 40 42 41 22 36
internal_value=-0.00624531 0.0382409 -0.0215052 -0.00183028 0.0174818 0.0448585 -0.0436119 -0.0486293 -0.0531751
internal_weight=143.284 36.2119 107.072 57.2248 38.1686 22.9586 49.8474 42.6416 34.7663
internal_count=826 312 514 178 153 113 336 295 273
is_linear=0
shrinkage=0.05


Tree=29
num_leaves=8
num_cat=0
split_feature=169 122 132 239 122 131 123
split_gain=36.8406 19.6121 17.7929 17.5487 2.97777 1.68439 1.52527
threshold=58.500000000000007 14.596839904785158 1.0000000180025095e-35 23.775000572204593 13.066531658172609 37.000000000000007 0.079999998211860671
decision_type=2 2 2 2 2 2 2
left_child=2 6 4 -4 5 -1 -2
right_child=1 -3 3 -5 -6 -7 -8
leaf_value=-0.023094733681204557 0.025773120459027684 -0.042965217969799692 0.0369654701461547 -0.021040295684429153 -0.011169014009540257 -0.053122514687240344 0.060119015825864278
leaf_weight=8.0587336570024473 6.3157105967402485 5.5388463735580435 18.55441377311945 38.141103357076645 7.1579759418964377 33.155620083212852 23.069765105843544
leaf_count=56 54 6 93 85 41 239 252
internal_value=-0.00610533 0.0377086 -0.0208872 -0.00174541 -0.0428329 -0.0479373 0.0538283
internal_weight=139.992 34.9243 105.068 56.6955 48.3723 41.2144 29.3855
internal_count=826 312 514 178 336 295 306
is_linear=0
shrinkage=0.05


Tree=30
num_leaves=9
num_cat=0
split_feature=169 122 69 159 122 166 132 123
split_gain=34.2885 18.5028 17.1868 10.6903 22.0525 3.06011 3.59041 1.57806
threshold=58.500000000000007 14.596839904785158 1.0000000180025095e-35 1.0000000180025095e-35 8.7931556701660174 38.500000000000007 0.89587974548339855 0.079999998211860671
decision_type=2 2 2 2 2 2 2 2
left_child=2 7 3 5 -5 -1 -7 -2
right_child=1 -3 -4 4 -6 6 -8 -9
leaf_value=-0.055712889859892291 0.0248853352859057 -0.042176172201503472 0.023049093237826251 -0.049498807147615918 0.035290175536535316 -0.011660189645728155 -0.045822772797464231 0.059651057783110466
leaf_weight=24.578760556876659 6.2513192817568806 5.3830306008458129 18.12483187019825 13.429613068699839 15.379655651748179 15.393177933990957 16.426815666258335 22.12007999420166
leaf_count=170 54 6 85 93 59 89 18 252
internal_value=-0.00593668 0.0371284 -0.0202252 -0.0295908 -0.00456931 -0.0420699 -0.0301552 0.0530989
internal_weight=137.087 33.7544 103.333 85.208 28.8093 56.3988 31.82 28.3714
internal_count=826 312 514 429 152 277 107 306
is_linear=0
shrinkage=0.05


Tree=31
num_leaves=9
num_cat=0
split_feature=169 122 132 239 122 123 167 54
split_gain=32.0069 17.4604 16.3008 15.838 2.89126 1.62978 1.51416 0.278414
threshold=58.500000000000007 14.596839904785158 1.0000000180025095e-35 23.775000572204593 13.066531658172609 0.079999998211860671 4.1968610286712655 0.11907028779387475
decision_type=2 2 2 2 2 2 2 2
left_child=2 5 4 -4 6 -2 7 -1
right_child=1 -3 3 -5 -6 -7 -8 -9
leaf_value=-0.054947504356968768 0.024020748208904874 -0.041400894009862826 0.035647234588541923 -0.019959364711403235 -0.010137628764354055 0.059209428439358613 -0.02193330935618221 -0.02957489450572692
leaf_weight=26.030693218111995 6.1900919526815441 5.2322185710072509 18.267885938286781 37.182759828865528 7.0049668923020354 21.201510950922966 7.4074576348066321 5.2997425422072402
leaf_count=237 54 6 93 85 41 252 22 36
internal_value=-0.00580908 0.0365583 -0.019692 -0.00133314 -0.0414424 0.0523835 -0.0467057 -0.0517031
internal_weight=133.817 32.6238 101.194 55.4506 45.7429 27.3916 38.7379 31.3304
internal_count=826 312 514 178 336 306 295 273
is_linear=0
shrinkage=0.05


Tree=32
num_leaves=11
num_cat=0
split_feature=23 129 125 167 167 132 127 126 40 131
split_gain=24.0011 18.3249 26.3503 13.9554 13.9855 11.6702 7.05521 4.00129 2.42451 0.809925
threshold=13.969638347625734 2.2350000143051152 0.044999999925494201 7.4868254661560067 3.3574200868606572 1.0000000180025095e-35 1022.0000000000001 4.1349999904632577 0.0021461390424519782 37.000000000000007
decision_type=2 2 2 2 2 2 2 2 2 2
left_child=5 -2 3 4 -3 8 -6 -4 -1 -10
right_child=1 2 7 -5 6 -7 -8 -9 9 -11
leaf_value=-0.016421121139200058 0.060623474418903756 -0.041725190655601534 0.028042927835808813 -0.049917856415975959 0.06156479397672069 0.0049613630646350012 -0.0015143363896651539 0.091280863557815298 -0.027247718676351108 -0.053437321132216234
leaf_weight=8.5705298036336881 15.283256173133848 8.8788278996944445 6.0190593600273115 18.248343743383884 8.6059113666415232 17.967037253081799 8.144176281988619 5.7525746673345566 7.2164750695228568 26.423160843551159
leaf_count=57 172 17 52 23 83 63 35 51 54 219
internal_value=-0.00565809 0.0139697 0.000312846 -0.017726 0.00620914 -0.028644 0.0325372 0.0636736 -0.0427321 -0.0487678
internal_weight=131.109 70.9321 55.6489 43.8773 25.6289 60.1772 16.7501 11.7716 42.2102 33.6396
internal_count=826 433 261 158 135 393 118 103 330 273
is_linear=0
shrinkage=0.05


Tree=33
num_leaves=9
num_cat=0
split_feature=169 165 132 127 66 122 131 167
split_gain=27.7824 15.6843 14.6637 15.0274 7.14792 2.78129 1.81849 0.000722246
threshold=58.500000000000007 2.4166666269302373 1.0000000180025095e-35 746.50000000000011 0.0067509240470826634 13.066531658172609 37.000000000000007 3.7231124639511113
decision_type=2 2 2 2 2 2 2 2
left_child=2 -2 5 4 -4 6 -1 -8
right_child=1 -3 3 -5 -6 -7 7 -9
leaf_value=-0.019433120542271899 -0.027898170982576593 0.054365123819393985 -0.0453418336077277 0.035945410629218216 -0.0011481876849656271 -0.0092332419375402465 -0.054158675200895137 -0.031952208186271557
leaf_weight=7.3452563956379882 6.8924873769283321 23.581922508776188 14.404409646987913 17.427491679787636 22.665674045681953 6.893411122262477 23.333699055016044 5.5061248242855063
leaf_count=56 10 302 25 70 83 41 208 31
internal_value=-0.00548515 0.0354642 -0.0185042 -0.00113974 -0.0190606 -0.0399474 -0.0453929 -0.0511319
internal_weight=128.05 30.4744 97.5761 54.4976 37.0701 43.0785 36.1851 28.8398
internal_count=826 312 514 178 108 336 295 239
is_linear=0
shrinkage=0.05


Tree=34
num_leaves=8
num_cat=0
split_feature=169 165 132 239 122 131 167
split_gain=25.8736 14.8846 13.9297 13.4972 2.71753 1.81022 0.0268089
threshold=58.500000000000007 2.4166666269302373 1.0000000180025095e-35 23.775000572204593 13.066531658172609 37.000000000000007 3.7231124639511113
decision_type=2 2 2 2 2 2 2
left_child=2 -2 4 -4 5 -1 -7
right_child=1 -3 3 -5 -6 6 -8
leaf_value=-0.018821019600538801 -0.027145143573717775 0.053932925393340152 0.033178923045838908 -0.018493790242661946 -0.0088728418011073378 -0.053741478737779007 -0.031218626464217348
leaf_weight=7.240172639489173 6.7606389448046711 22.614850044250488 18.064612686634064 36.490327604115009 6.8563253059983245 22.371224649250511 5.3804540410637847
leaf_count=56 10 302 93 85 41 208 31
internal_value=-0.00534657 0.0349938 -0.017872 -0.00109432 -0.039208 -0.0447402 -0.0506125
internal_weight=125.779 29.3755 96.4031 54.5549 41.8482 34.9919 27.7517
internal_count=826 312 514 178 336 295 239
is_linear=0
shrinkage=0.05


Tree=35
num_leaves=9
num_cat=0
split_feature=9 129 167 167 159 130 127 167
split_gain=19.4658 16.4449 13.3605 17.5982 11.043 19.0386 10.571 1.43809
threshold=3.4924095869064335 2.2350000143051152 7.4868254661560067 3.3574200868606572 1.0000000180025095e-35 6.8599998950958261 1022.0000000000001 3.8118762969970708
decision_type=2 2 2 2 2 2 2 2
left_child=4 -2 3 -3 7 -6 -5 -1
right_child=1 2 -4 6 5 -7 -8 -9
leaf_value=-0.05205717126439522 0.05983293277953599 -0.035731996447552421 -0.029231873272750182 0.069459840660795996 0.032409114332867139 -0.051956259578477028 -0.0007019742946081254 -0.021094282575112505
leaf_weight=24.177432447671894 13.686609670519827 8.9512786567211169 21.811956882476807 13.844814062118532 15.401430211961271 10.292346112430094 8.3788461312651616 6.7200342863798133
leaf_count=209 172 18 63 142 71 78 38 35
internal_value=-0.0052131 0.0130164 3.92581e-05 0.0207912 -0.0265434 -0.00206611 0.044116 -0.0461953
internal_weight=123.265 66.6735 52.9869 31.1749 56.5912 25.6938 22.2237 30.8975
internal_count=826 433 261 198 393 149 180 244
is_linear=0
shrinkage=0.05


Tree=36
num_leaves=7
num_cat=0
split_feature=9 168 165 132 122 131
split_gain=18.1048 16.8978 16.17 10.0845 2.71951 1.78501
threshold=3.4924095869064335 75.000000000000014 2.1666666269302373 1.0000000180025095e-35 13.066531658172609 33.000000000000007
decision_type=2 2 2 2 2 2
left_child=3 2 -2 4 5 -1
right_child=1 -3 -4 -5 -6 -7
leaf_value=-0.018682259349124378 -0.0010370968079967831 -0.026700364164387692 0.057163512552693412 0.0051074563551766223 -0.0089682563947804106 -0.052284455515175111
leaf_weight=6.4515710696578052 23.386620625853539 18.554512478411198 23.296328365802765 17.730166666209698 6.4612460583448401 24.784279711544514
leaf_count=51 86 31 316 63 40 239
internal_value=-0.0050723 0.0127037 0.0285966 -0.0258489 -0.0401643 -0.046139
internal_weight=120.665 65.2375 46.6829 55.4273 37.6971 31.2359
internal_count=826 433 402 393 330 290
is_linear=0
shrinkage=0.05


Tree=37
num_leaves=9
num_cat=0
split_feature=9 168 130 159 130 102 127 166
split_gain=16.7884 15.6494 15.6063 10.6918 17.8073 3.42129 6.56854 1.13226
threshold=3.4924095869064335 75.000000000000014 5.8900001049041757 1.0000000180025095e-35 6.8599998950958261 7.9549999237060556 442.50000000000006 39.500000000000007
decision_type=2 2 2 2 2 2 2 2
left_child=3 2 5 7 -5 -2 -7 -1
right_child=1 -3 -4 4 -6 6 -8 -9
leaf_value=-0.051494312025496924 0.063120564422501343 -0.025921594862503214 -0.013227120052431835 0.0321068349733514 -0.050816978843891351 -0.015032998332711912 0.05165443152229951 -0.024018403554873436
leaf_weight=21.39599355310202 16.618823431432251 18.195656821131706 15.109186418354509 15.269457422196867 9.7533544376492483 5.3996936157345763 8.6162476912140828 7.8854055255651465
leaf_count=172 181 31 50 71 78 45 126 72
internal_value=-0.00493784 0.0123494 0.0278014 -0.0251477 -0.000925811 0.0478153 0.0266727 -0.0451326
internal_weight=118.244 63.9396 45.744 54.3042 25.0228 30.6348 14.0159 29.2814
internal_count=826 433 402 393 149 352 171 244
is_linear=0
shrinkage=0.05


Tree=38
num_leaves=9
num_cat=0
split_feature=169 102 165 65 159 122 167 123
split_gain=19.4226 13.6522 12.0506 11.5725 8.91409 17.5281 4.53844 2.17124
threshold=58.500000000000007 7.3250000476837167 3.1666666269302373 0.005022068042308093 1.0000000180025095e-35 8.7931556701660174 4.6054465770721444 0.20499999821186068
decision_type=2 2 2 2 2 2 2 2
left_child=2 -2 3 -1 6 -6 -4 -3
right_child=1 7 4 -5 5 -7 -8 -9
leaf_value=-0.013754475678317843 -0.036139171088044673 0.017094783828450717 -0.054842726115039257 0.055237629912354792 -0.045724674007060505 0.038996472225788947 -0.021481980739472457 0.059244230236455891
leaf_weight=14.18047544360161 5.0082997307181385 5.0065225213766125 22.483469918370247 9.2576314583420736 10.491609588265421 12.024967983365057 21.733719177544117 15.693665873259304
leaf_count=37 14 53 228 63 92 50 44 245
internal_value=-0.00480345 0.0327442 -0.0157502 0.0146414 -0.0264829 -0.000745104 -0.0392829 0.0503076
internal_weight=115.88 25.7085 90.1719 23.4381 66.7338 22.5166 44.2172 20.7002
internal_count=826 312 514 100 414 142 272 298
is_linear=0
shrinkage=0.05


Tree=39
num_leaves=10
num_cat=0
split_feature=169 102 137 127 39 167 167 123 39
split_gain=18.1206 12.4784 10.7306 15.2041 3.44967 2.80513 2.81818 2.16899 0.316973
threshold=58.500000000000007 7.3799998760223398 1.0000000180025095e-35 746.50000000000011 0.029577439650893215 2.1454955339431767 4.1968610286712655 0.27500000596046453 0.069288674741983428
decision_type=2 2 2 2 2 2 2 2 2
left_child=2 -2 5 4 -4 -1 8 -3 -7
right_child=1 7 3 -5 -6 6 -8 -9 -10
leaf_value=-0.0019717063204957959 -0.033269964438287614 0.016832030906259104 -0.037242915978462902 0.036405231445280607 -0.0060569247669525856 -0.052967802557607246 -0.0070438525906446961 0.059029169079083225 -0.027154897142368246
leaf_weight=5.1785246431827536 5.0397079586982754 5.0322939492762115 14.681354641914366 17.198768451809883 21.512711264193058 19.597317729145296 5.1899985447525969 14.809096060693262 5.01241236552596
leaf_count=48 16 54 29 72 80 219 21 242 45
internal_value=-0.00467474 0.0322163 -0.0153058 -0.0010635 -0.0193681 -0.0364121 -0.0421388 0.049648 -0.048976
internal_weight=113.252 24.8811 88.3711 53.3928 36.1941 34.9783 29.7997 19.8414 24.6097
internal_count=826 312 514 181 109 333 285 296 264
is_linear=0
shrinkage=0.05


Tree=40
num_leaves=10
num_cat=0
split_feature=169 165 165 39 122 24 102 102 0
split_gain=16.8591 11.8955 11.3842 10.3132 6.97308 11.3423 1.54348 1.30122 0.414669
threshold=58.500000000000007 2.4166666269302373 3.1666666269302373 0.018524238839745525 10.735319614410402 12.136074066162111 7.5350000858306894 7.7249999046325692 3.7256208658218388
decision_type=2 2 2 2 2 2 2 2 2
left_child=2 -2 3 -1 6 7 -4 -6 -8
right_child=1 -3 4 -5 5 -7 8 -9 -10
leaf_value=-0.013124797340247928 -0.024605350580824869 0.051818780554398258 -0.017905457917406751 0.052080126344633992 -0.043500621738852892 0.035358625093573175 -0.032647494838995025 -0.013208009042638292 -0.052015117440856122
leaf_weight=13.539571139961483 6.2959622889757183 17.809250496327877 9.1709057874977571 9.5513382405042631 8.1337397359311563 9.7593809962272644 13.79171247780323 7.8299049995839605 15.644549310207367
leaf_count=34 10 302 64 66 61 42 134 39 74
internal_value=-0.00453644 0.0316728 -0.0147659 0.0148889 -0.0254753 -0.00499614 -0.0386495 -0.0302971 -0.0443116
internal_weight=111.526 24.1052 87.4211 23.0909 64.3302 25.723 38.6072 15.9636 29.4363
internal_count=826 312 514 100 414 142 272 100 208
is_linear=0
shrinkage=0.05


Tree=41
num_leaves=9
num_cat=0
split_feature=169 165 165 167 122 130 10 127
split_gain=15.7598 11.3102 10.6177 9.77055 6.87705 4.22461 12.1696 2.91413
threshold=58.500000000000007 2.4166666269302373 3.1666666269302373 3.3574200868606572 12.788913726806642 6.0399999618530282 3.0340185165405278 43.000000000000007
decision_type=2 2 2 2 2 2 2 2
left_child=2 -2 3 -1 5 6 7 -4
right_child=1 -3 4 -5 -6 -7 -8 -9
leaf_value=-0.01674644118267506 -0.023913860840219771 0.051472619996828152 -0.0091628226184135367 0.04620353517152459 0.012240819113215031 -0.055209097388318799 0.021071485782873361 -0.04820120598030813
leaf_weight=11.812780402600767 6.1858673989772823 17.058300111442804 6.7647988423705128 11.065748907625673 9.9676925837993604 13.849727079272268 10.859476163983343 21.444685135036707
leaf_count=30 10 302 61 70 73 96 55 129
internal_value=-0.00443709 0.0312515 -0.0143582 0.0143607 -0.0248676 -0.0319546 -0.0225389 -0.0394738
internal_weight=109.009 23.2442 85.7649 22.8785 62.8864 52.9187 39.069 28.2095
internal_count=826 312 514 100 414 341 245 190
is_linear=0
shrinkage=0.05


Tree=42
num_leaves=9
num_cat=0
split_feature=9 129 129 130 132 132 167 131
split_gain=12.3258 13.0023 10.0114 16.6315 8.26859 3.5983 3.08883 1.94033
threshold=3.4924095869064335 2.2350000143051152 3.3349999189376835 6.3150000572204599 1.0000000180025095e-35 1.0000000180025095e-35 2.1454955339431767 33.000000000000007
decision_type=2 2 2 2 2 2 2 2
left_child=4 -2 -3 5 6 -4 -1 -8
right_child=1 2 3 -5 -6 -7 7 -9
leaf_value=-0.00070012801583547253 0.058491948953195649 -0.027357394178455414 0.026283798709437756 -0.014554708773284578 0.005735193707585854 0.087041744308703928 -0.014187822551689886 -0.04994604980048728
leaf_weight=5.0693069994449607 10.706921607255934 19.185438420623541 5.6706909015774745 15.847682867199181 16.97990471124649 5.9067759960889816 5.7544368058443096 21.672464478760958
leaf_count=48 172 89 83 45 63 44 51 231
internal_value=-0.00431868 0.0113831 -0.000439507 0.018691 -0.0223742 0.0617381 -0.0367946 -0.0432066
internal_weight=106.794 57.3175 46.6106 27.4251 49.4761 11.5775 32.4962 27.4269
internal_count=826 433 261 172 393 127 330 282
is_linear=0
shrinkage=0.05


Tree=43
num_leaves=10
num_cat=0
split_feature=121 166 132 130 239 130 239 134 166
split_gain=13.4413 14.2156 21.5265 19.879 10.5731 2.17324 2.13865 1.10304 0.0322972
threshold=1.0000000180025095e-35 37.000000000000007 0.89587974548339855 7.3849999904632577 23.954999923706058 1.1000000238418581 23.654999732971195 1.0000000180025095e-35 40.500000000000007
decision_type=2 2 2 2 2 2 2 2 2
left_child=1 6 3 5 -4 -3 -1 -7 -2
right_child=8 2 4 -5 -6 7 -8 -9 -10
leaf_value=-0.044645284192581985 -0.050952468417596888 0.032969017387166087 0.0138863462122865 -0.026199148378470424 -0.038023437968740553 0.054518912164530281 -0.007463367403867386 0.095438412914515325 -0.028665756024726503
leaf_weight=12.96122280880809 10.21777582541108 7.2798494212329414 19.035134933888912 7.4940840601921073 18.419460378587246 11.832811988890173 5.9880094900727263 6.3559571951627722 5.4137277379631987
leaf_count=122 102 89 91 14 30 222 51 39 66
internal_value=-0.00414113 0.00350214 0.0138893 0.0427561 -0.0119668 0.0632693 -0.0338588 0.0730465 -0.0454215
internal_weight=104.998 89.3665 70.4173 32.9627 37.4546 25.4686 18.9492 18.1888 15.6315
internal_count=826 658 485 364 121 350 173 261 168
is_linear=0
shrinkage=0.05


Tree=44
num_leaves=10
num_cat=0
split_feature=169 122 102 128 136 167 0 123 136
split_gain=13.2289 10.0017 10.3612 9.76128 8.07363 5.1291 11.041 3.05044 1.86648
threshold=58.500000000000007 12.788913726806642 7.7950000762939462 0.94499999284744274 2.7212089300155644 3.3347171545028691 3.7256208658218388 2.2350000143051152 6.8211069107055673
decision_type=2 2 2 2 2 2 2 2 2
left_child=1 2 4 -2 7 8 -7 -1 -4
right_child=3 -3 5 -5 -6 6 -8 -9 -10
leaf_value=0.009654340365781694 0.05062449574646391 0.024744816452454764 -0.032870912146457057 -0.021423118624382766 0.044117866632952946 0.019749304077169703 -0.04672198961565336 -0.031366734208054727 -0.070043687394473697
leaf_weight=7.1373767480254235 15.223784051835539 13.562108136713503 9.7479086220264453 5.9598214253783217 7.7086375579237929 10.156260147690773 13.593799650669098 9.8574555292725545 9.8155728727579099
leaf_count=60 301 88 129 11 49 67 52 55 14
internal_value=-0.00402474 -0.0131975 -0.0210118 0.0303025 0.0047544 -0.035483 -0.0186473 -0.0145598 -0.0540208
internal_weight=102.763 81.5791 68.017 21.1836 24.7035 43.3135 23.7501 16.9948 19.5635
internal_count=826 514 426 312 164 262 119 115 143
is_linear=0
shrinkage=0.05


Tree=45
num_leaves=10
num_cat=0
split_feature=121 166 132 129 239 130 239 135 166
split_gain=12.3787 13.4738 19.2698 18.2045 9.5039 2.24011 2.08528 0.611661 0.0760337
threshold=1.0000000180025095e-35 37.000000000000007 0.89587974548339855 7.5750000476837167 23.954999923706058 1.1000000238418581 23.654999732971195 1.0000000180025095e-35 40.500000000000007
decision_type=2 2 2 2 2 2 2 2 2
left_child=1 6 3 5 -4 -3 -1 -7 -2
right_child=8 2 4 -5 -6 7 -8 -9 -10
leaf_value=-0.044111588266937306 -0.050376020046669828 0.031389647920201637 0.013651745421115177 -0.025329620915936765 -0.036243432115967152 0.05411998097609854 -0.0071625497940598975 0.091998496955152276 -0.027388276183501467
leaf_weight=12.566310435533525 9.6462615318596345 7.0314635299146238 18.764594852924347 7.1785479933023444 17.628389798104763 10.892063949257137 5.9330134056508532 6.282851628959178 5.1573015525937072
leaf_count=122 102 89 91 13 30 223 51 39 66
internal_value=-0.00391674 0.0034961 0.0138594 0.0419502 -0.0108399 0.0621158 -0.0332365 0.072276 -0.0446073
internal_weight=101.081 86.2772 67.7779 31.3849 36.393 24.2064 18.4993 17.1749 14.8036
internal_count=826 658 485 364 121 351 173 262 168
is_linear=0
shrinkage=0.05


Tree=46
num_leaves=9
num_cat=0
split_feature=121 166 130 168 136 239 130 166
split_gain=11.704 12.5629 17.45 17.3617 8.78511 2.02007 0.347257 0.0884751
threshold=1.0000000180025095e-35 37.000000000000007 6.2550001144409189 75.000000000000014 6.8211069107055673 23.654999732971195 0.96999999880790722 40.500000000000007
decision_type=2 2 2 2 2 2 2 2
left_child=1 5 3 4 6 -1 -3 -2
right_child=7 2 -4 -5 -6 -7 -8 -9
leaf_value=-0.043458534341879178 -0.04994054697383038 0.033959946774575298 -0.024933231199970606 -0.02187742835869691 -0.0002443848787283209 -0.0068872614999966018 0.064006925746702942 -0.026761446206398844
leaf_weight=12.143194373697044 9.2623077481985074 5.0335209146142033 19.858312621712685 11.524888984858988 7.7041153386235228 5.9024184793233863 22.494546119123697 5.0406128391623488
leaf_count=122 102 67 49 23 28 51 318 66
internal_value=-0.00380514 0.00342962 0.0134956 0.0299971 0.0471013 -0.0324864 0.0598958 -0.0440544
internal_weight=98.9639 84.661 66.6154 46.7571 35.2322 18.0456 27.5281 14.3029
internal_count=826 658 485 436 413 173 385 168
is_linear=0
shrinkage=0.05


Tree=47
num_leaves=9
num_cat=0
split_feature=169 122 239 166 165 159 167 126
split_gain=10.7994 9.28768 8.53019 12.9507 8.44522 7.55982 5.34305 0.196327
threshold=58.500000000000007 12.788913726806642 23.775000572204593 38.500000000000007 2.4166666269302373 1.0000000180025095e-35 3.4360077381134038 5.8350000381469735
decision_type=2 2 2 2 2 2 2 2
left_child=1 2 3 5 -2 -1 7 -4
right_child=4 -3 6 -5 -6 -7 -8 -9
leaf_value=-0.051526920604371564 -0.019963349382645948 0.024784798447267109 -0.037836166729193717 0.056897271908345107 0.049675209572072998 0.011072116012409408 -0.016042166689836251 -0.063063857386173483
leaf_weight=8.3169607184827363 5.5952810868620899 13.278075210750101 8.8469041176140326 6.8891741260886183 13.370693564414976 9.4029621295630932 21.819540075957775 9.2491292282938939
leaf_count=83 10 88 61 53 302 66 99 64
internal_value=-0.00373259 -0.012019 -0.0198553 0.00327934 0.0291598 -0.0194921 -0.03385 -0.0533576
internal_weight=96.7687 77.8027 64.5247 24.6091 18.966 17.7199 39.9156 18.096
internal_count=826 514 426 202 312 149 224 125
is_linear=0
shrinkage=0.05


Tree=48
num_leaves=10
num_cat=0
split_feature=121 166 132 128 239 167 126 132 131
split_gain=10.7993 11.6235 16.707 15.887 8.20159 2.68711 1.38031 0.166239 0.128371
threshold=1.0000000180025095e-35 37.000000000000007 0.89587974548339855 0.94499999284744274 23.954999923706058 2.1476752758026127 1.1000000238418581 1.0000000180025095e-35 64.500000000000014
decision_type=2 2 2 2 2 2 2 2 2
left_child=1 5 3 6 -4 -1 -3 -8 -7
right_child=-2 2 4 -5 -6 8 7 -9 -10
leaf_value=-0.00064909495373193546 -0.043274028284323973 0.036408674301731649 0.013046644297086532 -0.023398544388868507 -0.034098343809750867 -0.02633047293449664 0.051252501796112619 0.08761175506526353 -0.050668702920659663
leaf_weight=5.1018428057432201 13.581529852002857 8.2032587230205589 18.289618790149689 6.837707206606864 16.837800405919552 5.0588117055594903 8.1208926588296872 5.8914446830749503 7.3118751980364323
leaf_count=52 168 121 91 13 30 65 192 38 56
internal_value=-0.00362959 0.00340832 0.0132916 0.040692 -0.00986992 -0.0316494 0.0605765 0.0713573 -0.0434296
internal_weight=95.2348 81.6533 64.1807 29.0533 35.1274 17.4725 22.2156 14.0123 12.3707
internal_count=826 658 485 364 121 173 351 230 121
is_linear=0
shrinkage=0.05


Tree=49
num_leaves=9
num_cat=0
split_feature=121 166 132 128 239 167 130 143
split_gain=10.1771 10.865 15.6178 14.8983 8.88358 2.59159 2.40643 0.100003
threshold=1.0000000180025095e-35 37.000000000000007 0.89587974548339855 0.94499999284744274 23.864999771118168 2.1476752758026127 1.1000000238418581 1.0499999523162844
decision_type=2 2 2 2 2 2 2 2
left_child=1 5 3 6 -4 -1 -3 -7
right_child=-2 2 4 -5 -6 7 -8 -9
leaf_value=-0.00062220237787957017 -0.042700085906972024 0.027917691863729804 0.020958805803877024 -0.02270549977823897 -0.029346428302412228 -0.050257480641653585 0.07052657827705118 -0.02646908757167234
leaf_weight=5.099512085318568 13.10153818875551 6.6239293925464215 13.668419785797594 6.7274636141955844 21.064426220953465 6.8077371641993505 15.060111172497271 5.1778667382895947
leaf_count=52 168 89 77 13 44 35 262 86
internal_value=-0.00351825 0.00332708 0.0129391 0.0397821 -0.00951728 -0.0309489 0.0593151 -0.0428105
internal_weight=93.331 80.2295 63.1444 28.4115 34.7328 17.0851 21.684 11.9856
internal_count=826 658 485 364 121 173 351 121
is_linear=0
shrinkage=0.05


Tree=50
num_leaves=10
num_cat=0
split_feature=9 125 129 159 130 167 102 169 10
split_gain=9.09899 14.175 14.695 8.55121 13.549 7.82058 8.64488 1.84624 0.0259212
threshold=3.4924095869064335 0.044999999925494201 2.2350000143051152 1.0000000180025095e-35 6.8599998950958261 7.4868254661560067 7.9549999237060556 28.500000000000004 1.0000000180025095e-35
decision_type=2 2 2 2 2 2 2 2 2
left_child=3 2 -2 7 -5 6 -4 8 -1
right_child=1 -3 5 4 -6 -7 -8 -9 -10
leaf_value=-0.029540206932790809 0.05763608627500505 0.064222833220502332 0.041761101871139399 0.033896773607053572 -0.046687202443213185 -0.046418036450051339 -0.022852182638736382 -0.011337639241139888 -0.052552987529108121
leaf_weight=5.1368826627731385 7.2351960726082316 9.0832097828388196 7.5928209684789207 12.878532379865648 7.3624631166458121 12.433213554322718 12.034152437001465 5.2005667202174655 12.434270534664391
leaf_count=52 146 129 56 71 78 23 79 62 130
internal_value=-0.00344099 0.0113341 -0.00218169 -0.0199392 0.00376712 -0.0170161 0.00295665 -0.040283 -0.0477782
internal_weight=91.3913 48.3786 39.2954 43.0127 20.241 32.0602 19.627 22.7717 17.5712
internal_count=826 433 304 393 149 158 135 244 182
is_linear=0
shrinkage=0.05


Tree=51
num_leaves=7
num_cat=0
split_feature=121 127 169 129 159 168
split_gain=9.54356 8.614 8.17024 9.23516 5.05687 7.04339
threshold=1.0000000180025095e-35 1233.5000000000002 38.000000000000007 7.5750000476837167 1.0000000180025095e-35 38.500000000000007
decision_type=2 2 2 2 2 2
left_child=1 2 4 -4 5 -1
right_child=-2 -3 3 -5 -6 -7
leaf_value=-0.047989865515817826 -0.042094737230122997 0.046512793501326373 0.055526595253723221 -0.022334782989448954 0.014816423517826799 -0.0049517195524889411
leaf_weight=14.040204584598539 12.526551779359577 9.0952721387147886 9.6991669200360757 5.2244957238435736 12.474664263427256 26.564327910542488
leaf_count=159 168 87 257 10 48 97
internal_value=-0.0033478 0.00340601 -0.00294997 0.0285779 -0.0121788 -0.0206292
internal_weight=89.6247 77.0981 68.0029 14.9237 53.0792 40.6045
internal_count=826 658 571 267 304 256
is_linear=0
shrinkage=0.05


Tree=52
num_leaves=8
num_cat=0
split_feature=9 125 129 159 128 127 166
split_gain=7.93504 13.35 13.6185 7.67119 12.4227 7.47862 1.76395
threshold=3.4924095869064335 0.044999999925494201 2.2350000143051152 1.0000000180025095e-35 0.90500000119209301 543.50000000000011 39.500000000000007
decision_type=2 2 2 2 2 2 2
left_child=3 2 -2 6 -5 -4 -1
right_child=1 -3 5 4 -6 -7 -8
leaf_value=-0.047193863458173863 0.057211747487424018 0.063174327116705994 -0.039193690495465699 0.031686937738376997 -0.046611755952215929 0.0086236393757567129 -0.012010760621916862
leaf_weight=15.882704112678768 6.718832340091466 8.6933945268392545 16.274613622576002 12.983723536133768 6.9480394199490538 14.960260177031158 5.5860302150249472
leaf_count=172 146 129 59 75 74 99 72
internal_value=-0.00324178 0.0107994 -0.00251099 -0.018944 0.00346981 -0.0167341 -0.0389814
internal_weight=88.0476 46.6471 37.9537 41.4005 19.9318 31.2349 21.4687
internal_count=826 433 304 393 149 158 244
is_linear=0
shrinkage=0.05


Tree=53
num_leaves=9
num_cat=0
split_feature=9 125 128 167 102 159 128 165
split_gain=7.38817 12.3963 12.7444 7.26299 7.83504 7.21897 11.4549 1.74286
threshold=3.4924095869064335 0.044999999925494201 0.27500000596046453 7.4868254661560067 7.9549999237060556 1.0000000180025095e-35 0.90500000119209301 3.7500000000000004
decision_type=2 2 2 2 2 2 2 2
left_child=5 2 -2 4 -4 7 -7 -1
right_child=1 -3 3 -5 -6 6 -8 -9
leaf_value=-0.013667511415815393 0.056766582244719692 0.061448189479926453 0.040159433671374471 -0.045464232319995052 -0.021629236411106915 0.030058480191129413 -0.045588722095396453 -0.047573762738718245
leaf_weight=6.410539999604226 6.4153704307973376 8.5232280753552896 7.5183856505900684 11.649864114820955 11.915133494883774 13.055075585842134 6.7756160125136367 14.43776174262166
leaf_count=70 145 129 56 23 80 75 74 174
internal_value=-0.00312379 0.0105007 -0.00237468 -0.0159699 0.00307089 -0.0184199 0.00326412 -0.0382508
internal_weight=86.701 46.022 37.4988 31.0834 19.4335 40.679 19.8307 20.8483
internal_count=826 433 304 159 136 393 149 244
is_linear=0
shrinkage=0.05


Tree=54
num_leaves=8
num_cat=0
split_feature=121 166 130 128 132 124 134
split_gain=8.98402 8.22809 13.1875 14.3828 15.7723 2.27389 1.11353
threshold=1.0000000180025095e-35 37.000000000000007 6.2550001144409189 0.42499999701976782 0.89587974548339855 3.5000000000000004 1.0000000180025095e-35
decision_type=2 2 2 2 2 2 2
left_child=1 5 3 4 6 -1 -3
right_child=-2 2 -4 -5 -6 -7 -8
leaf_value=-0.041144452446552182 -0.041491910661793502 0.05958476194669126 -0.021497731753273394 0.073597433701545256 -0.02551415218596691 -0.0015023125560465888 0.022749514456963819
leaf_weight=9.7764745056629163 11.909506045281885 7.6108618844300526 18.63398177549243 11.338670287281273 15.106095701456068 5.5627923905849448 5.1748751923441887
leaf_count=80 168 222 49 146 45 93 23
internal_value=-0.00302236 0.00371107 0.012378 0.028603 0.00839747 -0.02774 0.0474078
internal_weight=85.1133 73.2038 57.8645 39.2305 27.8918 15.3393 12.7857
internal_count=826 658 485 436 290 173 245
is_linear=0
shrinkage=0.05


Tree=55
num_leaves=8
num_cat=0
split_feature=121 166 130 129 123 239 54
split_gain=8.46863 7.66939 12.2635 13.6342 17.5402 2.30654 0.708657
threshold=1.0000000180025095e-35 37.000000000000007 6.2550001144409189 3.3349999189376835 2.1399999856948857 23.654999732971195 0.083991773426532759
decision_type=2 2 2 2 2 2 2
left_child=1 5 3 4 6 -1 -3
right_child=-2 2 -4 -5 -6 -7 -8
leaf_value=-0.039931489310909778 -0.04090725328784961 0.05893255244781747 -0.02063256714463492 0.072504787126740564 -0.0288687153837109 0.00070931088921896983 0.025778434869463414
leaf_weight=9.9524042680859548 11.500447709113358 7.8097970709204692 18.490251414477825 10.982159355655311 14.419471720233558 5.0742782913148394 5.1307870429009199
leaf_count=122 168 149 49 147 74 51 66
internal_value=-0.0029123 0.00364646 0.0120817 0.0279814 0.00818354 -0.0270198 0.0485795
internal_weight=83.3596 71.8591 56.8325 38.3422 27.3601 15.0267 12.9406
internal_count=826 658 485 436 289 173 215
is_linear=0
shrinkage=0.05


Tree=56
num_leaves=9
num_cat=0
split_feature=121 127 167 137 128 136 11 130
split_gain=7.98234 7.26495 9.90159 11.559 11.4411 6.8253 4.89479 1.65999
threshold=1.0000000180025095e-35 1233.5000000000002 3.3347171545028691 2.4414010047912602 0.94499999284744274 6.8211069107055673 2.3689725399017338 1.4049999713897707
decision_type=2 2 2 2 2 2 2 2
left_child=1 2 5 4 7 6 -1 -4
right_child=-2 -3 3 -5 -6 -7 -8 -9
leaf_value=-0.028204669538674683 -0.04032234495879241 0.044874134855492596 0.025924977735213003 -0.020255195182096994 -0.021440557581912163 -0.063697456982781189 0.027733581047327191 0.064567220558956057
leaf_weight=9.212387867271902 11.10840357467532 8.2754108663648349 6.1859115492552581 15.771032266318796 6.4131138622760764 7.6819970160722724 5.3778339810669413 11.649350758641956
leaf_count=124 168 87 104 49 14 6 44 230
internal_value=-0.00280379 0.00358313 -0.00252469 0.0122963 0.0334313 -0.0285395 -0.00712991 0.0532527
internal_weight=81.6754 70.567 62.2916 40.0194 24.2484 22.2722 14.5902 17.8353
internal_count=826 658 571 397 348 174 168 334
is_linear=0
shrinkage=0.05


Tree=57
num_leaves=8
num_cat=0
split_feature=121 166 132 128 127 124 130
split_gain=7.51232 7.03266 10.9224 11.7661 6.74197 2.27723 2.23203
threshold=1.0000000180025095e-35 37.000000000000007 0.89587974548339855 0.94499999284744274 543.50000000000011 3.5000000000000004 1.1000000238418581
decision_type=2 2 2 2 2 2 2
left_child=1 5 3 6 -4 -1 -3
right_child=-2 2 4 -5 -6 -7 -8
leaf_value=-0.040085262505294122 -0.039736916337005719 0.024042191704376093 -0.026031283028563876 -0.020262071058728549 0.020126267241474229 6.5372502802250868e-05 0.06856003738191585
leaf_weight=9.2331399191170913 10.732763256877659 5.5262733940035167 18.830469407141212 6.2132632434368125 12.23867282271385 5.3875498101115218 12.043097628280519
leaf_count=80 168 89 65 13 56 93 262
internal_value=-0.00271887 0.00348274 0.0117314 0.0365169 -0.00778841 -0.0262332 0.0566062
internal_weight=80.2052 69.4725 54.8518 23.7826 31.0691 14.6207 17.5694
internal_count=826 658 485 364 121 173 351
is_linear=0
shrinkage=0.05


Tree=58
num_leaves=10
num_cat=0
split_feature=121 127 167 125 135 136 11 168 131
split_gain=7.06892 6.5677 8.93796 12.7102 8.79411 6.24726 4.36473 2.5325 2.64431
threshold=1.0000000180025095e-35 1233.5000000000002 3.3347171545028691 0.024999999441206459 0.89587974548339855 6.8211069107055673 2.3689725399017338 38.500000000000007 484.00000000000006
decision_type=2 2 2 2 2 2 2 2 2
left_child=1 2 5 4 -4 6 -1 8 -5
right_child=-2 -3 3 7 -6 -7 -8 -9 -10
leaf_value=-0.027011150370305045 -0.039150751063981915 0.043137236263522283 0.022034049346264462 -0.001836694924264809 -0.038952422713383131 -0.061237923229623098 0.026430474908103137 0.068346737568149157 0.046032605954653964
leaf_weight=8.8360242228955048 10.372927317395805 8.0401626136153919 9.579140929505229 5.024280499666931 12.615435972809792 7.5735375285148612 5.2854846268892279 5.9697809889912596 5.549125550314784
leaf_count=124 168 87 140 66 25 6 44 46 120
internal_value=-0.00263449 0.00338125 -0.00252409 0.0118154 -0.0128156 -0.0275205 -0.0065836 0.0437076 0.0250927
internal_weight=78.8459 68.473 60.4328 38.7378 22.1946 21.695 14.1215 16.5432 10.5734
internal_count=826 658 571 397 165 174 168 232 186
is_linear=0
shrinkage=0.05


Tree=59
num_leaves=8
num_cat=0
split_feature=121 166 130 129 123 124 54
split_gain=6.6593 6.42727 10.2643 11.8575 14.4199 2.23884 0.953431
threshold=1.0000000180025095e-35 37.000000000000007 6.2550001144409189 3.3349999189376835 2.1399999856948857 3.5000000000000004 0.083991773426532759
decision_type=2 2 2 2 2 2 2
left_child=1 5 3 4 6 -1 -3
right_child=-2 2 -4 -5 -6 -7 -8
leaf_value=-0.039475511257238215 -0.038563685552147092 0.057450733714133506 -0.018859555629759276 0.070030187671962341 -0.027224836175806441 0.00060118712285114743 0.022057206414481532
leaf_weight=8.9213943090289813 10.028306445106862 6.9800809510052222 17.902998682111502 10.015767822042106 13.394456418231128 5.3258438650518647 5.0304686278104782
leaf_count=80 168 149 49 147 74 93 66
internal_value=-0.00252696 0.0033057 0.0113123 0.0266613 0.0075588 -0.0254373 0.0454613
internal_weight=77.5993 67.571 53.3238 35.4208 25.405 14.2472 12.0105
internal_count=826 658 485 436 289 173 215
is_linear=0
shrinkage=0.05


Tree=60
num_leaves=9
num_cat=0
split_feature=30 102 167 136 128 127 133 169
split_gain=6.12583 7.56703 8.34364 5.23197 4.90792 2.17971 0.990263 0.560677
threshold=0.89587974548339855 7.9649999141693124 3.3104618787765507 2.7212089300155644 0.16499999910593036 54.500000000000007 2.5152189731597905 58.500000000000007
decision_type=2 2 2 2 2 2 2 2
left_child=1 3 -3 4 -1 -6 7 -7
right_child=-2 2 -4 -5 5 6 -8 -9
leaf_value=0.017180938079833532 0.044244330639192309 -0.013509327189408851 0.060842451881195747 0.010383330389518539 -0.00052075426047074286 -0.044183582633702756 -0.013552507687902319 -0.020809721006808973
leaf_weight=5.7524591051042071 5.4604311175644389 6.6775360871106368 6.8676300495862961 14.890531148761509 5.3614491429179898 18.945808034390218 5.9348725154995909 6.2270196415483943
leaf_count=102 50 53 177 91 78 163 38 74
internal_value=-0.00242683 -0.00660071 0.0257795 -0.0145917 -0.0234363 -0.0301306 -0.0350587 -0.0394176
internal_weight=76.1177 70.6573 13.5452 57.1121 42.2216 36.4691 31.1077 25.1728
internal_count=826 776 230 546 455 353 275 237
is_linear=0
shrinkage=0.05


Tree=61
num_leaves=8
num_cat=0
split_feature=121 166 130 128 123 124 54
split_gain=6.19463 5.80872 9.59327 10.9893 13.0625 2.11118 0.981318
threshold=1.0000000180025095e-35 37.000000000000007 6.2550001144409189 0.42499999701976782 2.1399999856948857 3.5000000000000004 0.083991773426532759
decision_type=2 2 2 2 2 2 2
left_child=1 5 3 4 6 -1 -3
right_child=-2 2 -4 -5 -6 -7 -8
leaf_value=-0.038452710791790301 -0.037819950112502901 0.056698233471234483 -0.018185690435151797 0.069072031505357678 -0.025963476022901999 0.00074911979542139566 0.021078294256432917
leaf_weight=8.5134909041225892 9.5863829180598241 6.6288500092923659 17.649349670857191 9.535422779619692 12.974341515451668 5.3158424962311974 5.0142228472977877
leaf_count=80 168 149 49 146 75 93 66
internal_value=-0.00231473 0.00336107 0.0110799 0.0262907 0.00767015 -0.0243496 0.0442386
internal_weight=75.2179 65.6315 51.8022 34.1528 24.6174 13.8293 11.6431
internal_count=826 658 485 436 290 173 215
is_linear=0
shrinkage=0.05


Tree=62
num_leaves=9
num_cat=0
split_feature=121 127 132 239 142 239 239 127
split_gain=5.8355 5.57361 5.01216 10.5495 5.44559 3.96386 2.43907 0.785693
threshold=1.0000000180025095e-35 1233.5000000000002 0.89587974548339855 23.954999923706058 1.8688347935676577 39.925001144409187 23.954999923706058 280.00000000000006
decision_type=2 2 2 2 2 2 2 2
left_child=1 2 3 4 -1 -5 -4 -6
right_child=-2 -3 6 5 7 -7 -8 -9
leaf_value=0.02221956468228279 -0.037228919455545982 0.041202139279328878 -0.0027859738672753702 0.061121723165420874 -0.016137377914211909 0.0062740837485098302 -0.032936010779595633 -0.046635931297094604
leaf_weight=5.6775418855249944 9.2754528969526273 7.4533523805439463 13.602600753307344 8.624936690554021 5.4009100906550866 5.3891246132552615 12.634587369859217 5.7643569856882095
leaf_count=50 168 87 77 209 80 97 26 32
internal_value=-0.00221863 0.00330356 -0.00226799 0.0112376 -0.0151537 0.0418527 -0.017981 -0.0344223
internal_weight=73.8229 64.5474 57.0941 30.8569 16.8428 14.0141 26.2372 11.1653
internal_count=826 658 571 468 162 306 103 112
is_linear=0
shrinkage=0.05


Tree=63
num_leaves=8
num_cat=0
split_feature=121 166 130 128 123 124 54
split_gain=5.48596 5.31099 8.59708 10.3075 11.4935 2.03731 1.1766
threshold=1.0000000180025095e-35 37.000000000000007 6.2550001144409189 0.42499999701976782 2.1399999856948857 3.5000000000000004 0.083991773426532759
decision_type=2 2 2 2 2 2 2
left_child=1 5 3 4 6 -1 -3
right_child=-2 2 -4 -5 -6 -7 -8
leaf_value=-0.037770061805028461 -0.036636865811568865 0.055877335078995255 -0.017115468740646456 0.067813317302394538 -0.024798010347552434 0.0009938603449120495 0.018498622608094557
leaf_weight=8.2169320452958328 8.9778335411101562 6.2233524713665265 17.371499976143241 9.1072353739291412 12.573311470448969 5.2817517183721057 5.0011982843279839
leaf_count=80 168 149 49 146 75 93 66
internal_value=-0.00214804 0.0031977 0.0107069 0.0254667 0.00717983 -0.0235801 0.0420985
internal_weight=72.7531 63.7753 50.2766 32.9051 23.7979 13.4987 11.2246
internal_count=826 658 485 436 290 173 215
is_linear=0
shrinkage=0.05


Tree=64
num_leaves=9
num_cat=0
split_feature=30 102 167 136 128 127 133 102
split_gain=5.40991 6.93412 7.33691 4.48278 3.98215 2.0445 0.870024 0.131674
threshold=0.89587974548339855 7.9649999141693124 3.3104618787765507 2.7212089300155644 0.16499999910593036 54.500000000000007 2.5152189731597905 7.8550000190734872
decision_type=2 2 2 2 2 2 2 2
left_child=1 3 -3 4 -1 -6 7 -7
right_child=-2 2 -4 -5 5 6 -8 -9
leaf_value=0.014592317644456412 0.042269049478146595 -0.011977522717165522 0.059866558446981369 0.0093894708662736123 0.00012317453612719113 -0.044156761361720462 -0.013071127862396628 -0.027277330612163499
leaf_weight=5.5211085062474003 5.303150186315178 6.3366843629628402 6.3565185014158487 14.293166257441042 5.1076957993209353 13.227047873660927 5.5345972105860701 9.7689444907009584
leaf_count=102 50 53 177 91 78 102 38 135
internal_value=-0.00205546 -0.0061857 0.0257452 -0.0141018 -0.0226964 -0.0290612 -0.0341132 -0.0384218
internal_weight=71.4489 66.1458 12.6932 53.4526 39.1594 33.6383 28.5306 22.996
internal_count=826 776 230 546 455 353 275 237
is_linear=0
shrinkage=0.05


Tree=65
num_leaves=8
num_cat=0
split_feature=121 127 167 125 134 102 24
split_gain=5.14306 4.94408 7.7063 10.9499 6.70098 3.4078 2.05908
threshold=1.0000000180025095e-35 1233.5000000000002 3.3347171545028691 0.024999999441206459 1.1512925624847414 7.9049999713897714 1.0000000180025095e-35
decision_type=2 2 2 2 2 2 2
left_child=1 2 5 4 -4 -1 -5
right_child=-2 -3 3 6 -6 -7 -8
leaf_value=-0.0016374189005238663 -0.035959953197007288 0.039753133668057501 0.019368022024100075 0.057375916950774888 -0.036797683472536986 -0.04267142033859276 0.016878250002745961
leaf_weight=8.6398368682712334 8.6355142462998611 7.0956098698079577 8.650818632915616 8.8794940495863539 11.039630137383938 11.499014822766183 6.263646198436617
leaf_count=126 168 87 140 198 25 48 34
internal_value=-0.00195907 0.00326663 -0.00206898 0.0120928 -0.0123783 -0.0259775 0.0427081
internal_weight=70.7036 62.0681 54.9724 34.8336 19.6904 20.1389 15.1431
internal_count=826 658 571 397 165 174 232
is_linear=0
shrinkage=0.05


Tree=66
num_leaves=10
num_cat=0
split_feature=30 102 167 130 136 169 39 132 102
split_gain=4.97091 6.53711 6.51736 4.39623 5.3541 4.15505 1.76063 1.10312 0.729901
threshold=0.89587974548339855 7.9649999141693124 3.3104618787765507 7.1449999809265146 2.7212089300155644 38.000000000000007 0.011045536026358606 0.89587974548339855 7.6849999427795419
decision_type=2 2 2 2 2 2 2 2 2
left_child=1 3 -3 4 5 6 -1 8 -8
right_child=-2 2 -4 -5 -6 -7 7 -9 -10
leaf_value=-0.0041064917702170753 0.04072399750201855 -0.01037493709697975 0.05840680090750499 -0.045729319061911862 0.021361709233292087 0.020229677340981456 -0.0051809737889407029 -0.046438172445344358 -0.030651385200172434
leaf_weight=7.7720503378659513 5.2581911776214829 6.1958278063684684 6.0947358692064881 7.9439701735973349 11.336742818355559 5.3968446701765052 5.5379307977855206 8.2243607342243195 5.9598275292664766
leaf_count=86 50 53 177 55 87 170 64 20 64
internal_value=-0.00188156 -0.0059259 0.0255613 -0.0136849 -0.00704536 -0.017178 -0.024973 -0.0326011 -0.0197796
internal_weight=69.7205 64.4623 12.2906 52.1717 44.2278 32.891 27.4942 19.7221 11.4978
internal_count=826 776 230 546 491 404 234 148 128
is_linear=0
shrinkage=0.05


Tree=67
num_leaves=8
num_cat=0
split_feature=121 166 130 129 123 124 39
split_gain=4.83189 4.72315 7.63435 9.06541 10.0388 1.93149 0.817165
threshold=1.0000000180025095e-35 37.000000000000007 6.2550001144409189 3.3349999189376835 2.1399999856948857 3.5000000000000004 0.081681597977876677
decision_type=2 2 2 2 2 2 2
left_child=1 5 3 4 6 -1 -3
right_child=-2 2 -4 -5 -6 -7 -8
leaf_value=-0.036649491139795862 -0.035322449725081743 0.054661633714612468 -0.015933849142560328 0.066152186600625801 -0.02366870239946714 0.0014469438150585962 0.020960618400918181
leaf_weight=7.7902336958795768 8.3324683085083944 5.1831824444234424 16.737794971093535 8.4756424585357291 11.702417325228451 5.2350181452929974 5.4011683817952871
leaf_count=80 168 142 49 147 74 93 73
internal_value=-0.00181902 0.0032925 0.0106331 0.0251347 0.00736494 -0.0223266 0.040758
internal_weight=68.8579 60.5255 47.5002 30.7624 22.2868 13.0253 10.5844
internal_count=826 658 485 436 289 173 215
is_linear=0
shrinkage=0.05


Tree=68
num_leaves=9
num_cat=0
split_feature=122 239 133 102 169 239 131 127
split_gain=4.8221 17.3419 5.71203 6.35175 5.52505 5.41404 4.03705 2.16972
threshold=12.788913726806642 23.460000038146976 3.4412187337875371 7.7950000762939462 58.500000000000007 23.835000038146976 325.50000000000006 528.50000000000011
decision_type=2 2 2 2 2 2 2 2
left_child=2 -2 3 6 5 -5 -1 -7
right_child=1 -3 -4 4 -6 7 -8 -9
leaf_value=0.00083871680396058017 -0.032181255317795442 0.07224989718901513 -0.040847175275753989 0.014741545082383518 0.027165309710778303 -0.050574374125103398 0.052760985491813898 -0.012580354782447368
leaf_weight=7.744676820933817 6.7738172225654107 7.3337489403784275 9.986924007534979 6.0907325055450263 5.7610619859769931 10.987178903073074 6.306566528044641 6.7002412118017665
leaf_count=104 53 75 39 87 224 64 97 83
internal_value=-0.00173151 0.0232957 -0.00862757 -0.000495289 -0.0135865 -0.0241579 0.0260999 -0.0376251
internal_weight=67.6849 14.1076 53.5774 43.5905 29.5392 23.7782 14.0512 17.6874
internal_count=826 128 698 659 458 234 201 147
is_linear=0
shrinkage=0.05


Tree=69
num_leaves=8
num_cat=0
split_feature=122 239 169 239 132 65 137
split_gain=4.44262 15.8661 5.00988 3.91458 6.83542 4.22413 1.42899
threshold=12.788913726806642 23.460000038146976 58.500000000000007 23.744999885559086 1.0000000180025095e-35 0.0065650134347379216 2.3502402305603032
decision_type=2 2 2 2 2 2 2
left_child=2 -2 3 4 -1 6 -5
right_child=1 -3 -4 5 -6 -7 -8
leaf_value=-0.026600301987963006 -0.031438014815720568 0.06896046947235572 0.029494994219471306 -0.052837093404223545 0.03347770901883966 -0.0012357780530564133 -0.020561376071391971
leaf_weight=8.1829598881304282 6.6149834729731065 7.346749434247613 6.6325296331197015 9.4873883016407543 8.7977129518985731 11.531359359622 8.1160847321152669
leaf_count=107 53 75 272 135 83 82 19
internal_value=-0.00165405 0.0224704 -0.00833875 -0.0142907 0.00465697 -0.025122 -0.0398615
internal_weight=66.7098 13.9617 52.748 46.1155 16.9807 29.1348 17.6035
internal_count=826 128 698 426 190 236 154
is_linear=0
shrinkage=0.05


Tree=70
num_leaves=6
num_cat=0
split_feature=121 128 159 166 132
split_gain=4.16372 4.41249 7.92211 13.8624 12.8341
threshold=1.0000000180025095e-35 0.95499998331069957 1.0000000180025095e-35 38.500000000000007 0.89587974548339855
decision_type=2 2 2 2 2
left_child=1 2 3 -1 -5
right_child=-2 -3 -4 4 -6
leaf_value=-0.043497428276604813 -0.033841868926505723 -0.027773349253737548 0.047809706771566388 0.06165855852732393 -0.0070243491544909002
leaf_weight=12.174159539863465 7.7163048405200234 8.6967780441045743 9.4604370221495611 9.7640469949692505 17.999055810272694
leaf_count=163 168 17 60 326 92
internal_value=-0.00160124 0.00318128 0.00907399 -0.00104556 0.0184347
internal_weight=65.8108 58.0945 49.3977 39.9373 27.7631
internal_count=826 658 641 581 418
is_linear=0
shrinkage=0.05


Tree=71
num_leaves=10
num_cat=0
split_feature=167 125 9 137 135 12 54 239 131
split_gain=3.97324 7.00142 7.10283 6.78571 4.74459 5.62122 3.5389 2.4385 0.0833143
threshold=3.3347171545028691 0.024999999441206459 3.4924095869064335 2.3502402305603032 0.89587974548339855 3.4526133537292485 0.0021905223838984971 39.725000381469734 511.50000000000006
decision_type=2 2 2 2 2 2 2 2 2
left_child=3 4 -3 6 5 -2 -1 -4 -8
right_child=1 2 7 -5 -6 -7 8 -9 -10
leaf_value=0.0009685414822457047 -0.021999662368752337 -0.0098067149609984625 0.074815836406810596 0.017527956361464644 -0.033365533488601051 0.046383651667812845 -0.030988099228986321 0.022598196508078126 -0.056136653595189392
leaf_weight=5.3032510410994353 5.1449353843927383 6.3902767580002573 5.7905657803639752 9.274625822901724 10.260025128722191 5.0072191338986158 6.0355105921626073 5.1559965666383505 6.3514356501400471
leaf_count=58 41 69 96 49 28 168 109 123 85
internal_value=-0.00155323 0.00883727 0.0313403 -0.0158951 -0.0108465 0.012863 -0.0334184 0.0541709 -0.0471132
internal_weight=64.7138 37.749 17.3368 26.9648 20.4122 10.1522 17.6902 10.9466 12.3869
internal_count=826 525 288 301 237 209 252 219 194
is_linear=0
shrinkage=0.05


Tree=72
num_leaves=9
num_cat=0
split_feature=122 239 133 102 169 239 168 128
split_gain=4.04224 14.1494 4.98023 5.68747 4.10273 4.65977 3.46011 1.71125
threshold=12.788913726806642 23.460000038146976 3.4412187337875371 7.7950000762939462 58.500000000000007 23.835000038146976 37.000000000000007 0.58499997854232799
decision_type=2 2 2 2 2 2 2 2
left_child=2 -2 3 6 5 -5 -1 -7
right_child=1 -3 -4 4 -6 7 -8 -9
leaf_value=-0.0062611502422664517 -0.030523376549227977 0.06559376083247781 -0.039130187057612315 0.014470231525673213 0.023773008075675603 -0.049359466526869844 0.04401525486207436 -0.01497395153570996
leaf_weight=5.1111072869971386 6.3216560147702676 7.2402872331440449 9.3163999058306199 5.7863683532923522 5.200718466192483 8.9486104045063275 8.1474108099937421 7.6111808270215979
leaf_count=124 53 75 39 87 224 70 77 77
internal_value=-0.00149468 0.0217711 -0.00809265 -0.000239883 -0.013115 -0.0223506 0.0255541 -0.035308
internal_weight=63.6837 13.5619 50.1218 40.8054 27.5469 22.3462 13.2585 16.5598
internal_count=826 128 698 659 458 234 201 147
is_linear=0
shrinkage=0.05


Tree=73
num_leaves=8
num_cat=0
split_feature=122 239 167 69 132 137 167
split_gain=3.72575 12.9549 6.69408 8.01428 5.37333 3.84018 3.40314
threshold=12.788913726806642 23.460000038146976 3.3347171545028691 1.0000000180025095e-35 0.89587974548339855 2.3502402305603032 5.7386724948883066
decision_type=2 2 2 2 2 2 2
left_child=2 -2 5 4 6 -1 -4
right_child=1 -3 3 -5 -6 -7 -8
leaf_value=-0.046136004431397468 -0.029795642232960863 0.062635183259396918 -0.014057489215523487 0.054594291795538312 -0.034059682406435983 0.0043601226360251251 0.029254793086568372
leaf_weight=12.257952053099872 6.1803119145333749 7.2501447722315788 7.1906516533345046 5.7106225164607158 9.7722480148076993 5.032371222972869 9.4631500495597702
leaf_count=194 53 75 96 71 29 26 282
internal_value=-0.0014429 0.0209839 -0.00783206 0.00574649 -0.00641514 -0.0320042 0.0108168
internal_weight=62.8575 13.4305 49.427 32.1367 26.426 17.2903 16.6538
internal_count=826 128 698 478 407 220 378
is_linear=0
shrinkage=0.05


Tree=74
num_leaves=6
num_cat=0
split_feature=121 128 159 166 132
split_gain=3.52034 4.56807 7.29037 12.1607 11.2208
threshold=1.0000000180025095e-35 0.95499998331069957 1.0000000180025095e-35 38.500000000000007 0.89587974548339855
decision_type=2 2 2 2 2
left_child=1 2 3 -1 -5
right_child=-2 -3 -4 4 -6
leaf_value=-0.042240266427823775 -0.032204599397511822 -0.028273625471379384 0.047037737395435111 0.060276041145872594 -0.0064342470322724171
leaf_weight=11.160815447568892 7.0801351349800816 8.6592372953891736 9.1423382684588415 8.9202089738100785 16.831598997116089
leaf_count=163 168 17 60 326 92
internal_value=-0.00138077 0.00311434 0.00949134 -0.000803376 0.018063
internal_weight=61.7943 54.7142 46.055 36.9126 25.7518
internal_count=826 658 641 581 418
is_linear=0
shrinkage=0.05


Tree=75
num_leaves=9
num_cat=0
split_feature=122 239 167 133 161 167 125 168
split_gain=3.55109 11.7248 6.17131 3.97731 6.90065 8.22811 3.68435 0.861396
threshold=12.788913726806642 23.460000038146976 3.11083996295929 4.4205071926116952 1.0000000180025095e-35 3.3347171545028691 0.024999999441206459 38.500000000000007
decision_type=2 2 2 2 2 2 2 2
left_child=2 -2 -1 4 5 -4 -6 -7
right_child=1 -3 3 -5 6 7 -8 -9
leaf_value=-0.043359648690672797 -0.028787319174299098 0.060344212183094659 -0.014502198486390045 -0.03472456171380444 -0.038076067559340031 0.028975808106078527 0.011443318427961166 0.064357330901131132
leaf_weight=8.7173007661476714 5.9136369992047531 7.1500397836789489 7.2912599472329047 5.5124985091388217 8.1861751740798336 6.2267862744629365 5.7292369017377487 6.0786231234669685
leaf_count=111 53 75 94 29 58 153 178 75
internal_value=-0.00133882 0.0208184 -0.00770445 0.00114453 0.00787994 0.0264471 -0.0182877 0.0499769
internal_weight=60.8056 13.0637 47.7419 39.0246 33.5121 19.5967 13.9154 12.3054
internal_count=826 128 698 587 558 322 236 228
is_linear=0
shrinkage=0.05


Tree=76
num_leaves=8
num_cat=0
split_feature=122 239 167 136 132 121 24
split_gain=3.2733 10.7389 5.78473 3.80558 6.64868 4.82515 3.81899
threshold=12.788913726806642 23.460000038146976 3.11083996295929 2.7212089300155644 0.89587974548339855 1.0000000180025095e-35 1.0000000180025095e-35
decision_type=2 2 2 2 2 2 2
left_child=2 -2 -1 4 5 6 -4
right_child=1 -3 3 -5 -6 -7 -8
leaf_value=-0.042441872139331795 -0.028077464510461825 0.057635475210004498 0.042786975902891752 0.025600074977702409 -0.045436366914029871 -0.031648021465419167 -0.0051087852333458715
leaf_weight=8.4880137862637621 5.7884899228811246 7.1585464300587773 7.8775540143251472 10.385944990441201 7.6025792732834807 5.0910238213837138 7.4754199646413326
leaf_count=111 53 75 288 93 23 122 61
internal_value=-0.00129271 0.0200486 -0.00747701 0.00112564 -0.00850683 0.00670471 0.02058
internal_weight=59.8676 12.947 46.9205 38.4325 28.0466 20.444 15.353
internal_count=826 128 698 587 494 471 349
is_linear=0
shrinkage=0.05


Tree=77
num_leaves=6
num_cat=0
split_feature=121 128 159 166 132
split_gain=3.0447 4.2831 6.69718 10.8646 9.84009
threshold=1.0000000180025095e-35 0.95499998331069957 1.0000000180025095e-35 38.500000000000007 0.89587974548339855
decision_type=2 2 2 2 2
left_child=1 2 3 -1 -5
right_child=-2 -3 -4 4 -6
leaf_value=-0.041335653181554986 -0.030830209003074368 -0.02761826517786798 0.04552559871955672 0.057934407691835416 -0.0061549709933564093
leaf_weight=10.455789111554621 6.6183441495522848 8.4905654042959195 8.9631121680140478 8.4070859053172189 16.026610821485519
leaf_count=163 168 17 60 326 92
internal_value=-0.00127996 0.00296433 0.00936935 -0.000928876 0.0173076
internal_weight=58.9615 52.3432 43.8526 34.8895 24.4337
internal_count=826 658 641 581 418
is_linear=0
shrinkage=0.05


Tree=78
num_leaves=8
num_cat=0
split_feature=122 239 167 69 141 102 239
split_gain=3.1365 9.73986 5.44679 7.09805 3.69003 3.02081 1.80968
threshold=12.788913726806642 23.460000038146976 3.3347171545028691 1.0000000180025095e-35 1.0000000180025095e-35 7.9049999713897714 37.675001144409187
decision_type=2 2 2 2 2 2 2
left_child=2 -2 5 4 6 -1 -4
right_child=1 -3 3 -5 -6 -7 -8
leaf_value=-0.00050842913305636824 -0.027103384403376098 0.055604122128134308 0.0005331732876345831 0.053291430234027971 0.025253961381825868 -0.045115493864643114 -0.03037563156581561
leaf_weight=5.7726470846682778 5.5494242049753648 7.0608857600018382 8.0938133969903081 5.1869315458461633 5.8854997586458913 10.211129046976565 10.2994421813637
leaf_count=105 53 75 52 71 283 115 72
internal_value=-0.00124136 0.0198898 -0.00740636 0.00542307 -0.00650716 -0.0299839 -0.0174483
internal_weight=58.0598 12.6103 45.4495 29.4657 24.2788 15.9838 18.3933
internal_count=826 128 698 478 407 220 124
is_linear=0
shrinkage=0.05


Tree=79
num_leaves=9
num_cat=0
split_feature=122 239 102 166 136 161 122 131
split_gain=2.88229 8.92358 3.75973 5.93665 2.7557 2.92676 3.9646 0.466705
threshold=12.788913726806642 23.460000038146976 7.7950000762939462 38.500000000000007 6.8211069107055673 1.0000000180025095e-35 8.6886076927185076 374.50000000000006
decision_type=2 2 2 2 2 2 2 2
left_child=2 -2 3 -1 5 6 -4 -7
right_child=1 -3 4 -5 -6 7 -8 -9
leaf_value=-0.016933747154491308 -0.026413206661253616 0.053116364357670004 -0.020035319473526242 0.041248128835406676 -0.041569495602978485 -0.035819390276736987 0.035372607320121173 -0.011795768786053967
leaf_weight=8.0951472129672748 5.4386901166290027 7.0686428966000676 5.1840189639478957 7.6171303596347562 7.630113784223794 5.0103046577423811 5.8858001381158829 5.268226470798254
leaf_count=98 53 75 115 114 19 48 156 148
internal_value=-0.00117474 0.0191385 -0.00715414 0.0120526 -0.0176228 -0.00758687 0.00991481 -0.0256438
internal_weight=57.1981 12.5073 44.6907 15.7123 28.9785 21.3484 11.0698 10.2785
internal_count=826 128 698 212 486 467 271 196
is_linear=0
shrinkage=0.05


Tree=80
num_leaves=8
num_cat=0
split_feature=167 125 23 137 237 54 131
split_gain=2.86853 5.54443 5.2877 5.26502 4.21956 2.68651 0.0390215
threshold=3.3347171545028691 0.024999999441206459 13.969638347625734 2.3502402305603032 1.0000000180025095e-35 0.0021905223838984971 511.50000000000006
decision_type=2 2 2 2 2 2 2
left_child=3 4 -3 5 -2 -1 -7
right_child=1 2 -4 -5 -6 6 -8
leaf_value=9.4563704481327043e-05 0.010516220856393492 -0.0080402185201498555 0.049983787541748502 0.017076761173110359 -0.037006600526847989 -0.027860220499463656 -0.052017224012402677
leaf_weight=5.0535521293059018 9.7227406883612293 5.8036188874393693 9.7334377351216954 8.2236631587147695 7.4363073804415754 5.2356137055903655 5.4041811097413301
leaf_count=58 180 69 219 49 57 109 85
internal_value=-0.00115272 0.00837957 0.0291343 -0.0139973 -0.0109828 -0.0303283 -0.0435449
internal_weight=56.6131 32.6961 15.5371 23.917 17.159 15.6933 10.6398
internal_count=826 525 288 301 237 252 194
is_linear=0
shrinkage=0.05


Tree=81
num_leaves=8
num_cat=0
split_feature=166 159 128 125 129 167 102
split_gain=2.68926 6.03594 7.33176 4.5992 3.14379 3.6989 3.90687
threshold=38.500000000000007 1.0000000180025095e-35 0.87500000000000011 0.044999999925494201 2.3750000000000004 7.52343773841858 7.9549999237060556
decision_type=2 2 2 2 2 2 2
left_child=1 -1 -3 4 -2 6 -6
right_child=3 2 -4 -5 5 -7 -8
leaf_value=-0.040930815381511894 0.026120763151089028 0.034522093876293007 -0.035582324015961467 0.041161188475626075 0.034034506460548938 -0.041550544297965786 -0.0182860998800672
leaf_weight=10.159824128262699 6.2064350498840239 8.7220160514116269 5.0833093319088229 7.0268085254356256 5.0431481841951626 6.0483780782669774 7.7339248550124466
leaf_count=172 188 69 80 149 65 19 84
internal_value=-0.00115534 -0.0135234 0.00804887 0.00821971 -0.0022534 -0.0124536 0.00333642
internal_weight=56.0238 23.9651 13.8053 32.0587 25.0319 18.8255 12.7771
internal_count=826 321 149 505 356 168 149
is_linear=0
shrinkage=0.05


Tree=82
num_leaves=6
num_cat=0
split_feature=121 128 159 166 132
split_gain=2.72892 4.13771 5.70406 9.60812 8.57838
threshold=1.0000000180025095e-35 0.95499998331069957 1.0000000180025095e-35 38.500000000000007 0.89587974548339855
decision_type=2 2 2 2 2
left_child=1 2 3 -1 -5
right_child=-2 -3 -4 4 -6
leaf_value=-0.04002410214180091 -0.029758852049392454 -0.027300073052295121 0.043295629847227901 0.056785434161028027 -0.0053946443736364591
leaf_weight=9.5772567428648454 6.2581616742536417 8.2434883713722211 8.6955166496336442 7.7040233630687025 14.87202590331435
leaf_count=163 168 17 60 326 92
internal_value=-0.00112291 0.00304874 0.00967927 -0.000443618 0.0173328
internal_weight=55.3505 49.0923 40.8488 32.1533 22.576
internal_count=826 658 641 581 418
is_linear=0
shrinkage=0.05


Tree=83
num_leaves=8
num_cat=0
split_feature=122 167 102 102 166 167 161
split_gain=2.79729 4.72768 4.52296 3.5759 3.05073 1.62105 5.36904
threshold=12.788913726806642 3.0310379266738896 7.7349998950958261 7.7950000762939462 38.500000000000007 3.3347171545028691 1.0000000180025095e-35
decision_type=2 2 2 2 2 2 2
left_child=1 -1 -2 4 -3 -5 -7
right_child=2 3 -4 5 -6 6 -8
leaf_value=-0.04812170129860667 -0.011333520111544308 -0.0069197318559174204 0.046402520452923549 -0.029289083284119746 0.039001375531118071 0.028773220872877543 -0.025656756490962909
leaf_weight=5.0593860028311601 5.8997246883809549 5.9135746425017697 6.0861536450684071 7.7055060481652644 7.3653644872829318 6.9341047694906601 9.5722749955020845
leaf_count=91 60 56 68 94 114 157 186
internal_value=-0.00108915 -0.00714357 0.0192992 -0.000507035 0.0194987 -0.0118173 -0.00245399
internal_weight=54.5361 42.5502 11.9859 37.4908 13.2789 24.2119 16.5064
internal_count=826 698 128 607 170 437 343
is_linear=0
shrinkage=0.05


Tree=84
num_leaves=7
num_cat=0
split_feature=121 128 127 132 166 127
split_gain=2.57746 3.82597 4.21133 3.72137 3.19417 2.11166
threshold=1.0000000180025095e-35 0.95499998331069957 528.50000000000011 0.89587974548339855 29.500000000000004 1022.0000000000001
decision_type=2 2 2 2 2 2
left_child=1 2 3 4 -1 -4
right_child=-2 -3 5 -5 -6 -7
leaf_value=-0.010769307324820388 -0.029213204999880171 -0.026436563307094804 0.053663452450191163 -0.021540351415827552 0.035222207544010994 0.013230786782944287
leaf_weight=6.1880425866693276 6.0916581237688652 8.0577617883682233 5.109917936846613 12.377639511600135 7.4050614014267921 8.8297559027560037
leaf_count=129 168 17 130 70 188 124
internal_value=-0.00105732 0.00304186 0.00949416 -0.00257777 0.014982 0.0306523
internal_weight=54.0598 47.9682 39.9104 25.9707 13.5931 13.9397
internal_count=826 658 641 387 317 254
is_linear=0
shrinkage=0.05


Tree=85
num_leaves=8
num_cat=0
split_feature=122 239 167 102 54 123 140
split_gain=2.5511 7.43798 4.06549 3.23683 2.24399 1.92081 1.1152
threshold=12.788913726806642 23.460000038146976 3.0753548145294194 7.7950000762939462 0.20366989821195605 3.3850001096725468 6.0000000000000009
decision_type=2 2 2 2 2 2 2
left_child=2 -2 -1 4 -4 6 -5
right_child=1 -3 3 5 -6 -7 -8
leaf_value=-0.044761386499614954 -0.024801137612019065 0.049603155727581949 0.033416575406247144 -0.033677863420593167 -0.0069667097412108529 0.0048991297608905748 -0.0039081879964328351
leaf_weight=5.0739335361868134 5.0560136586427671 6.8376953830011189 8.0841607162728888 8.26554834097624 5.0611381195485583 9.93141204677522 5.2041902546770862
leaf_count=99 53 75 124 49 46 176 204
internal_value=-0.00100342 0.0185035 -0.00688119 -0.000569994 0.0184751 -0.011587 -0.023241
internal_weight=53.5141 11.8937 41.6204 36.5464 13.1453 23.4012 13.4697
internal_count=826 128 698 599 170 429 253
is_linear=0
shrinkage=0.05


Tree=86
num_leaves=6
num_cat=0
split_feature=121 128 159 166 132
split_gain=2.35333 3.56725 5.30648 8.84497 7.51175
threshold=1.0000000180025095e-35 0.95499998331069957 1.0000000180025095e-35 38.500000000000007 0.89587974548339855
decision_type=2 2 2 2 2
left_child=1 2 3 -1 -5
right_child=-2 -3 -4 4 -6
leaf_value=-0.039545750369968151 -0.028361338039193391 -0.025783227265204989 0.042131401303369224 0.054417653919168862 -0.0049310277860691067
leaf_weight=9.1567296450957674 5.8668747004121533 7.9054342731833449 8.3846188820898515 7.3248312729410854 14.421089692041276
leaf_count=163 168 17 60 326 92
internal_value=-0.000992553 0.00292776 0.00920161 -0.000773589 0.0165733
internal_weight=53.0596 47.1927 39.2873 30.9027 21.7459
internal_count=826 658 641 581 418
is_linear=0
shrinkage=0.05


Tree=87
num_leaves=7
num_cat=0
split_feature=122 239 167 136 137 167
split_gain=2.44683 5.78001 3.77407 3.56025 3.18262 3.1434
threshold=12.788913726806642 23.864999771118168 3.11083996295929 2.7212089300155644 2.4414010047912602 5.7386724948883066
decision_type=2 2 2 2 2 2
left_child=2 -2 -1 4 5 -4
right_child=1 -3 3 -5 -6 -7
leaf_value=-0.037588677975026574 -0.018978929072635556 0.047136718624385905 -0.017399599290905208 0.025493524134950363 -0.035142485299869582 0.023003741857830599
leaf_weight=7.0281283827498546 5.2051688078790885 6.4096099743619561 8.8164874976500922 9.1998776234686357 7.1930653341114512 8.4612467489205283
leaf_count=111 56 72 173 93 31 290
internal_value=-0.000962648 0.0183513 -0.00678244 0.000546493 -0.0094651 0.00256274
internal_weight=52.3136 11.6148 40.6988 33.6707 24.4708 17.2777
internal_count=826 128 698 587 494 463
is_linear=0
shrinkage=0.05


Tree=88
num_leaves=7
num_cat=0
split_feature=122 102 102 166 136 161
split_gain=2.25403 3.43483 2.93456 4.45352 1.90875 2.84798
threshold=12.788913726806642 7.7349998950958261 7.7950000762939462 38.500000000000007 6.8211069107055673 1.0000000180025095e-35
decision_type=2 2 2 2 2 2
left_child=2 -2 3 -1 5 -4
right_child=1 -3 4 -5 -6 -7
leaf_value=-0.015797027275202147 -0.010091206189669216 0.041091994268357773 0.01081630225457674 0.036853305890727876 -0.037245469378390968 -0.026084442305641626
leaf_weight=7.1336839562281948 5.5662753097712976 5.9975911432411522 9.880403458140794 7.1008407366462052 6.8539969231933346 9.2095224815420806
leaf_count=98 60 68 271 114 19 196
internal_value=-0.000944435 0.0176127 -0.00658342 0.0111625 -0.0163729 -0.00739794
internal_weight=51.7423 11.5639 40.1784 14.2345 25.9439 19.0899
internal_count=826 128 698 212 486 467
is_linear=0
shrinkage=0.05


Tree=89
num_leaves=8
num_cat=0
split_feature=121 128 127 127 144 167 239
split_gain=2.17697 3.41063 3.63477 3.27225 2.29591 4.38828 1.61779
threshold=1.0000000180025095e-35 0.95499998331069957 528.50000000000011 410.50000000000006 3.2951505184173588 7.4868254661560067 23.595000267028812
decision_type=2 2 2 2 2 2 2
left_child=1 2 3 4 5 -1 -4
right_child=-2 -3 6 -5 -6 -7 -8
leaf_value=0.040861366773853755 -0.027618883531228589 -0.025357277264857953 0.005790130771437493 -0.031124999740307819 -0.017896975770224217 -0.013564529937922128 0.042219138376131775
leaf_weight=7.9245370635762864 5.6685630250722161 7.7566221356391898 5.1451028995215884 6.1574939959682515 5.1203213455155483 5.6642372724600136 8.0269150552339834
leaf_count=123 168 17 62 56 123 85 192
internal_value=-0.000906788 0.0029192 0.00918703 -0.00224385 0.00835839 0.0188002 0.0294023
internal_weight=51.4638 45.7952 38.0386 24.8666 18.7091 13.5888 13.172
internal_count=826 658 641 387 331 208 254
is_linear=0
shrinkage=0.05


Tree=90
num_leaves=8
num_cat=0
split_feature=166 159 128 125 123 129 166
split_gain=2.11068 5.01133 4.47006 4.12679 4.11237 3.06434 0.592099
threshold=38.500000000000007 1.0000000180025095e-35 0.7150000035762788 0.044999999925494201 2.1399999856948857 3.3349999189376835 75.000000000000014
decision_type=2 2 2 2 2 2 2
left_child=1 -1 -3 4 -2 -6 -7
right_child=3 2 -4 -5 5 6 -8
leaf_value=-0.039185556863598515 0.029676120804926917 0.030165463281109015 -0.02603624103743667 0.039757951547517288 -0.0409270620488646 0.011928874596690037 -0.0097852575775817033
leaf_weight=8.8996978709474206 6.0358421662822428 7.7158501036465168 5.0060113854706287 6.5614621557760975 6.1080955681391087 5.4128201398998481 5.1649748072959483
leaf_count=172 203 64 85 149 43 51 59
internal_value=-0.000899693 -0.0124386 0.00776452 0.00774962 -0.00277994 -0.0155345 0.0013968
internal_weight=50.9048 21.6216 12.7219 29.2832 22.7217 16.6859 10.5778
internal_count=826 321 149 505 356 153 110
is_linear=0
shrinkage=0.05


Tree=91
num_leaves=8
num_cat=0
split_feature=122 239 167 136 132 167 102
split_gain=2.17527 3.88474 3.25838 4.95978 5.18175 2.07661 1.94638
threshold=12.788913726806642 23.894999504089359 3.3347171545028691 2.7212089300155644 0.89587974548339855 5.7386724948883066 7.9149999618530282
decision_type=2 2 2 2 2 2 2
left_child=2 -2 6 4 5 -4 -1
right_child=1 -3 3 -5 -6 -7 -8
leaf_value=-0.0005301934549261627 -0.012220753654943481 0.042701537170229738 -0.012576569360633116 0.042931916397410307 -0.043243183763778247 0.023623071064344307 -0.039103858419656065
leaf_weight=5.0772891798987976 5.3962712548673135 5.8777254719752818 5.9548520110547605 5.2923093177378169 5.9360195100307456 8.5164504689164442 8.3324502855539304
leaf_count=112 60 68 92 74 21 291 108
internal_value=-0.000877518 0.0175593 -0.00649753 0.00402796 -0.00759534 0.00887706 -0.0255492
internal_weight=50.3834 11.274 39.1094 25.6996 20.4073 14.4713 13.4097
internal_count=826 128 698 478 404 383 220
is_linear=0
shrinkage=0.05


Tree=92
num_leaves=6
num_cat=0
split_feature=124 132 36 127 127
split_gain=2.10787 2.07618 4.23086 3.2785 3.02118
threshold=3.5000000000000004 1.0000000180025095e-35 0.89587974548339855 746.50000000000011 396.00000000000006
decision_type=2 2 2 2 2
left_child=1 2 -1 4 -3
right_child=-2 3 -4 -5 -6
leaf_value=-0.040627190723268418 0.025439420261323661 0.010530802106098462 0.006593519261910501 0.026057231312181128 -0.029536275366391886
leaf_weight=8.6176091507077235 5.654843447264283 8.982489071786409 8.88708084868267 9.5900321733206493 8.0722436457872373
leaf_count=166 234 82 248 70 26
internal_value=-0.000849144 -0.00470516 -0.0175926 0.00409156 -0.00901906
internal_weight=49.8043 44.1495 17.5047 26.6448 17.0547
internal_count=826 592 414 178 108
is_linear=0
shrinkage=0.05


Tree=93
num_leaves=7
num_cat=0
split_feature=122 239 167 136 132 167
split_gain=1.97532 3.58427 3.0467 3.17426 4.39319 2.4954
threshold=12.788913726806642 23.894999504089359 3.11083996295929 2.7212089300155644 0.89587974548339855 5.7386724948883066
decision_type=2 2 2 2 2 2
left_child=2 -2 -1 4 5 -4
right_child=1 -3 3 -5 -6 -7
leaf_value=-0.03506682801152796 -0.011973460216874019 0.040951634781613178 -0.013768167630270799 0.024843939104522511 -0.043038196931159983 0.022105219714585213
leaf_weight=6.4401515470817676 5.3390551805496198 5.848490861011669 8.9448671294376343 8.5637978538870794 5.8739347830414763 8.5023466749116761
leaf_count=111 60 68 180 93 23 291
internal_value=-0.000820716 0.0167841 -0.00625588 0.000452776 -0.00915717 0.00396422
internal_weight=49.5126 11.1875 38.3251 31.8849 23.3211 17.4472
internal_count=826 128 698 587 494 471
is_linear=0
shrinkage=0.05


Tree=94
num_leaves=7
num_cat=0
split_feature=124 166 42 54 0 122
split_gain=1.96558 3.42614 2.61298 2.79599 4.89674 2.36156
threshold=3.5000000000000004 37.000000000000007 0.19579154253005984 0.0083546726964414137 3.7256208658218388 11.447404861450197
decision_type=2 2 2 2 2 2
left_child=1 -1 5 -4 -5 -3
right_child=-2 2 3 4 -6 -7
leaf_value=-0.035693122480109578 0.024623761088345547 -0.0071087577069003319 -0.033259286935137744 0.030051466937932786 -0.020556407602863237 0.034332652627581492
leaf_weight=6.3817950068041673 5.6191587091889224 5.1038564611226303 6.6947928564623025 7.8469475749880084 9.4113231734372675 7.9530855582561344
leaf_count=84 234 135 17 91 184 81
internal_value=-0.000811369 -0.00458567 0.00157625 -0.00817851 0.0028395 0.0187802
internal_weight=49.011 43.3918 37.01 23.9531 17.2583 13.0569
internal_count=826 592 508 292 275 216
is_linear=0
shrinkage=0.05


Tree=95
num_leaves=6
num_cat=0
split_feature=121 130 159 166 132
split_gain=1.98322 2.22574 4.93056 7.90036 4.67336
threshold=1.0000000180025095e-35 6.2550001144409189 1.0000000180025095e-35 38.500000000000007 0.89587974548339855
decision_type=2 2 2 2 2
left_child=1 2 3 -1 -5
right_child=-2 -3 -4 4 -6
leaf_value=-0.041979476496591707 -0.026729203633338961 -0.012244936881134434 0.044616417269371926 0.048424269616212323 -0.0059076440870014591
leaf_weight=6.9092750847339675 5.4260741374455383 14.748645603656767 6.9801565296947947 6.3426071715075532 8.17174059525132
leaf_count=155 168 59 56 320 68
internal_value=-0.000790852 0.0030022 0.0110665 -0.00136687 0.0194257
internal_weight=48.5785 43.1524 28.4038 21.4236 14.5143
internal_count=826 658 599 543 388
is_linear=0
shrinkage=0.05


Tree=96
num_leaves=8
num_cat=0
split_feature=122 239 167 161 166 167 131
split_gain=1.98436 3.16027 2.83788 2.8903 4.46811 1.93061 0.87014
threshold=12.788913726806642 23.894999504089359 3.11083996295929 1.0000000180025095e-35 38.500000000000007 4.0195715427398691 354.00000000000006
decision_type=2 2 2 2 2 2 2
left_child=2 -2 -1 4 -4 -6 -5
right_child=1 -3 3 6 5 -7 -8
leaf_value=-0.034435967988078027 -0.010773744046068274 0.039821783427708729 -0.012421564039735045 -0.03097620332846512 0.0081006865960149676 0.051648188437728761 -0.0030835029781290054
leaf_weight=6.2517535127699366 5.071149764582513 5.7331799294333905 9.6211093869060296 5.848084640689196 5.0219992734491807 5.2745978520251811 5.138310179580003
leaf_count=111 60 68 145 62 58 148 174
internal_value=-0.000758472 0.0171732 -0.00628614 0.000309302 0.0115177 0.0330059 -0.0192765
internal_weight=47.9602 10.8043 37.1559 30.9041 19.9177 10.2966 10.9864
internal_count=826 128 698 587 351 206 236
is_linear=0
shrinkage=0.05


Tree=97
num_leaves=7
num_cat=0
split_feature=124 166 42 166 102 0
split_gain=1.85188 3.19832 2.44425 2.10271 2.00367 1.28471
threshold=3.5000000000000004 37.000000000000007 0.19579154253005984 38.500000000000007 7.7950000762939462 3.5387372970581059
decision_type=2 2 2 2 2 2
left_child=1 -1 3 -3 -4 -6
right_child=-2 2 4 -5 5 -7
leaf_value=-0.035067129725637129 0.024142028407509772 0.00093476706246862324 0.0098345217612577362 0.040560822030382075 -0.0027763574099814825 -0.032348308788396098
leaf_weight=6.1275346823967984 5.5132032916881135 7.6624486893415433 8.9811238637194055 5.0130282782483846 6.9134889710694534 7.3636641656048596
leaf_count=84 234 127 96 89 51 145
internal_value=-0.000722004 -0.00446603 0.00156034 0.0184265 -0.00801217 -0.0191476
internal_weight=47.5745 42.0613 35.9338 12.6755 23.2583 14.2772
internal_count=826 592 508 216 292 196
is_linear=0
shrinkage=0.05


Tree=98
num_leaves=6
num_cat=0
split_feature=121 128 159 166 132
split_gain=1.93878 3.08871 4.08994 6.95049 5.26356
threshold=1.0000000180025095e-35 0.95499998331069957 1.0000000180025095e-35 38.500000000000007 0.89587974548339855
decision_type=2 2 2 2 2
left_child=1 2 3 -1 -5
right_child=-2 -3 -4 4 -6
leaf_value=-0.037286350698728238 -0.026464634483849926 -0.024261025730304822 0.039018473159074425 0.049101580575978833 -0.0035501922049159793
leaf_weight=7.7878125552088049 5.3513025753200045 7.386131413280963 7.8219621963798991 6.5275285490788546 12.518534539267419
leaf_count=163 168 17 60 326 92
internal_value=-0.000689494 0.00312992 0.0094844 -0.000217192 0.0160441
internal_weight=47.3933 42.042 34.6558 26.8339 19.0461
internal_count=826 658 641 581 418
is_linear=0
shrinkage=0.05


Tree=99
num_leaves=7
num_cat=0
split_feature=121 128 159 166 102 127
split_gain=1.81542 2.85867 3.72799 6.49739 3.57277 3.36623
threshold=1.0000000180025095e-35 0.95499998331069957 1.0000000180025095e-35 38.500000000000007 7.805000066757203 528.50000000000011
decision_type=2 2 2 2 2 2
left_child=1 2 3 -1 -5 -6
right_child=-2 -3 -4 4 5 -7
leaf_value=-0.036647338435040547 -0.025880872531442868 -0.023490637931423485 0.037347280708862229 0.046062131968675375 -0.018625134639255303 0.028845293410849283
leaf_weight=7.5509167602285769 5.2242208169773212 7.2824227735400191 7.8084891252219668 5.4495610157027867 8.1727275035809708 5.2998074954375616
leaf_count=163 168 17 60 103 162 153
internal_value=-0.000671418 0.00303079 0.00917086 -0.000196968 0.0154581 0.000751528
internal_weight=46.7881 41.5639 34.2815 26.473 18.9221 13.4725
internal_count=826 658 641 581 418 315
is_linear=0
shrinkage=0.05


Tree=100
num_leaves=8
num_cat=0
split_feature=122 167 161 166 36 127 122
split_gain=1.97296 2.7323 4.23766 5.49434 1.65554 1.20964 0.177904
threshold=12.788913726806642 3.3347171545028691 1.0000000180025095e-35 38.500000000000007 0.89587974548339855 667.00000000000011 9.8518519401550311
decision_type=2 2 2 2 2 2 2
left_child=1 5 3 -3 -2 -1 -4
right_child=4 2 6 -5 -6 -7 -8
leaf_value=-0.03609965116611414 -0.0031870334099410856 -0.013694732895185736 -0.025117534713305557 0.048230583341076182 0.034611877167277559 -0.0040713138356078442 -0.0094803968686245459
leaf_weight=7.3133825291879457 5.0521356333047134 5.6608041422441602 5.2337263072840869 7.3334916806779802 5.3354075029492378 5.004826168064028 5.3261452298611403
leaf_count=109 64 54 107 194 64 111 123
internal_value=-0.000643351 -0.00624849 0.00383483 0.0222027 0.0175623 -0.0243695 -0.0187329
internal_weight=46.2599 35.8724 23.5542 12.9943 10.3875 12.3182 10.5599
internal_count=826 698 478 248 128 220 230
is_linear=0
shrinkage=0.05


Tree=101
num_leaves=7
num_cat=0
split_feature=124 166 42 54 0 102
split_gain=1.81643 2.78524 2.29217 2.35704 4.18582 1.93113
threshold=3.5000000000000004 37.000000000000007 0.19579154253005984 0.0083546726964414137 3.7256208658218388 7.9349999427795419
decision_type=2 2 2 2 2 2
left_child=1 -1 5 -4 -5 -3
right_child=-2 2 3 4 -6 -7
leaf_value=-0.033826554746020365 0.024249923389820023 0.00029880264072531707 -0.031652361584527243 0.028213506939601441 -0.01990846448861798 0.038714061991778487
leaf_weight=5.7492101783864191 5.3681660313159218 7.1738093765452486 6.3451083763502565 7.3750780839473036 8.8252473324537259 5.0383755355142057
leaf_count=84 234 92 17 91 184 124
internal_value=-0.000628648 -0.00443049 0.00124189 -0.00814618 0.00236535 0.0178784
internal_weight=45.875 40.5068 34.7576 22.5454 16.2003 12.2122
internal_count=826 592 508 292 275 216
is_linear=0
shrinkage=0.05


Tree=102
num_leaves=7
num_cat=0
split_feature=122 167 136 132 167 102
split_gain=1.88564 2.53622 2.80571 3.75335 2.17275 1.62202
threshold=12.788913726806642 3.11083996295929 2.7212089300155644 0.89587974548339855 5.7386724948883066 7.8550000190734872
decision_type=2 2 2 2 2 2
left_child=1 -1 3 4 -3 -2
right_child=5 2 -4 -5 -6 -7
leaf_value=-0.033321939243852204 -0.0030570351236840383 -0.013596763150056422 0.024194289286239692 -0.042056018922503852 0.020891404641862111 0.034532484685051712
leaf_weight=5.9375644181855014 5.0821412904188019 8.4152351161465138 7.8138846196234217 5.2456504441797724 7.9018766563385716 5.1754281122703105
leaf_count=111 63 180 93 23 291 65
internal_value=-0.000600773 -0.0061309 0.000280955 -0.00907297 0.00334675 0.0172914
internal_weight=45.5718 35.3142 29.3766 21.5628 16.3171 10.2576
internal_count=826 698 587 494 471 128
is_linear=0
shrinkage=0.05


Tree=103
num_leaves=7
num_cat=0
split_feature=121 129 159 166 102 127
split_gain=1.78002 2.74682 3.49043 5.96939 3.23785 2.93792
threshold=1.0000000180025095e-35 7.6449999809265146 1.0000000180025095e-35 38.500000000000007 7.805000066757203 528.50000000000011
decision_type=2 2 2 2 2 2
left_child=1 2 3 -1 -5 -6
right_child=-2 -3 -4 4 5 -7
leaf_value=-0.03583108229074785 -0.025657770564566848 -0.023080678530407149 0.036763836288968038 0.044952523989796531 -0.017700949043932029 0.027459726270373786
leaf_weight=7.1576845999807146 5.154600473586469 7.095459818840026 7.653033558279275 5.2023547431454089 7.7693237073253822 5.1119081096258014
leaf_count=163 168 17 60 103 162 153
internal_value=-0.000596487 0.00318101 0.00935961 -3.35805e-05 0.0152706 0.000908131
internal_weight=45.1444 39.9898 32.8943 25.2413 18.0836 12.8812
internal_count=826 658 641 581 418 315
is_linear=0
shrinkage=0.05


Tree=104
num_leaves=8
num_cat=0
split_feature=122 167 237 166 167 122 122
split_gain=1.79201 2.37933 3.71819 4.83343 1.03513 0.794339 0.153167
threshold=12.788913726806642 3.3347171545028691 1.0000000180025095e-35 38.500000000000007 2.4571256637573247 11.73778009414673 9.8518519401550311
decision_type=2 2 2 2 2 2 2
left_child=1 5 3 -3 -2 -1 -4
right_child=4 2 6 -5 -6 -7 -8
leaf_value=-0.033478796286232473 0.00023931611351039829 -0.013079242599743912 -0.023959052364842512 0.04602541499650234 0.030922368087532931 -0.0064478471088756442 -0.0090847898953581394
leaf_weight=6.7455720272846502 5.0657866355031711 5.4606897886842489 5.0218745218589902 7.0178110525012016 5.0508142504841089 5.0784218860790133 5.2060699122957885
leaf_count=173 62 54 107 194 66 47 123
internal_value=-0.000571452 -0.00604108 0.00353756 0.0211093 0.0169618 -0.0232771 -0.0178714
internal_weight=44.647 34.5304 22.7064 12.4785 10.1166 11.824 10.2279
internal_count=826 698 478 248 128 220 230
is_linear=0
shrinkage=0.05


Tree=105
num_leaves=7
num_cat=0
split_feature=122 167 161 166 102 130
split_gain=1.65095 2.2668 2.26574 3.14729 1.5111 0.16158
threshold=12.788913726806642 3.11083996295929 1.0000000180025095e-35 38.500000000000007 7.8550000190734872 2.3149999380111699
decision_type=2 2 2 2 2 2
left_child=1 -1 3 -3 -2 -4
right_child=4 2 5 -5 -6 -7
leaf_value=-0.032128088452147117 -0.0034282947208206871 -0.010471132644982542 -0.023513239097339312 0.029250152786323952 0.032987556721006561 -0.0085253415500696917
leaf_weight=5.6576283518224946 5.0223057409748417 8.7393018607981521 5.2196826599538344 9.5123907637316716 5.1031326251104474 5.0260073407553136
leaf_count=111 63 145 139 206 65 97
internal_value=-0.000559332 -0.00585999 0.000267443 0.0106748 0.0162404 -0.0175728
internal_weight=44.2804 34.155 28.4974 18.2517 10.1254 10.2457
internal_count=826 698 587 351 128 236
is_linear=0
shrinkage=0.05


Tree=106
num_leaves=7
num_cat=0
split_feature=124 166 42 133 54 0
split_gain=1.87832 2.52931 2.27438 3.3805 2.13575 3.4782
threshold=3.5000000000000004 37.000000000000007 0.19579154253005984 3.0546238422393803 0.0083546726964414137 3.7256208658218388
decision_type=2 2 2 2 2 2
left_child=1 -1 3 -3 -4 -6
right_child=-2 2 4 -5 5 -7
leaf_value=-0.03304885196810127 0.025066567935032237 0.039525804964214928 -0.031151604613182678 -0.011241249418164508 0.026006394569282255 -0.018810318512561479
leaf_weight=5.5049593802541485 5.1957504751626393 6.5170516599901003 6.1434581354260471 5.1893978798761964 6.9854520559310904 8.4628284699283522
leaf_count=84 234 168 17 48 91 184
internal_value=-0.000555357 -0.00452971 0.00101127 0.0179075 -0.00853658 0.00180408
internal_weight=43.9989 38.8031 33.2982 11.7064 21.5917 15.4483
internal_count=826 592 508 216 292 275
is_linear=0
shrinkage=0.05


Tree=107
num_leaves=7
num_cat=0
split_feature=124 166 42 133 54 0
split_gain=1.71481 2.37463 2.08833 3.0973 1.9933 3.19321
threshold=3.5000000000000004 37.000000000000007 0.19579154253005984 3.0546238422393803 0.0083546726964414137 3.7256208658218388
decision_type=2 2 2 2 2 2
left_child=1 -1 3 -3 -4 -6
right_child=-2 2 4 -5 5 -7
leaf_value=-0.032344325137847969 0.023808236148405784 0.037838012257485322 -0.030296252302032756 -0.010798394908920778 0.024928151732967155 -0.018121390751455871
leaf_weight=5.3688954478129736 5.2483185017481437 6.5121076419018191 6.0321623659692731 5.1735352156683803 6.9669652581214896 8.3853701804764551
leaf_count=84 234 168 17 48 91 184
internal_value=-0.000541085 -0.00438502 0.00097025 0.0171516 -0.00824331 0.00174445
internal_weight=43.6874 38.439 33.0701 11.6856 21.3845 15.3523
internal_count=826 592 508 216 292 275
is_linear=0
shrinkage=0.05


Tree=108
num_leaves=6
num_cat=0
split_feature=122 167 165 102 122
split_gain=1.71506 2.08921 1.98635 1.90447 1.31319
threshold=12.788913726806642 3.11083996295929 1.7083333134651186 7.7950000762939462 10.133586406707765
decision_type=2 2 2 2 2
left_child=1 -1 -3 -4 -5
right_child=-2 2 3 4 -6
leaf_value=-0.031443209772586266 0.016803124584082261 0.025122184854774077 0.010368550915888444 -0.028872335788662565 0.0021997974393016145
leaf_weight=5.5276041389442971 9.870978638995437 5.2217826098203686 9.150513391010465 8.552012231666593 5.0727797276340416
leaf_count=111 128 70 136 197 184
internal_value=-0.000528465 -0.00597045 -3.03179e-05 -0.00661123 -0.0179442
internal_weight=43.3957 33.5247 27.9971 22.7753 13.6248
internal_count=826 698 587 517 381
is_linear=0
shrinkage=0.05


Tree=109
num_leaves=6
num_cat=0
split_feature=121 129 129 123 130
split_gain=1.74963 2.42375 2.12002 2.59423 1.96615
threshold=1.0000000180025095e-35 7.6449999809265146 3.620000004768372 2.1399999856948857 6.2550001144409189
decision_type=2 2 2 2 2
left_child=1 2 3 -1 -4
right_child=-2 -3 4 -5 -6
leaf_value=0.014625966057991402 -0.025467563702182408 -0.021863420467047163 0.040400831365113098 -0.021457043147466517 0.0025974156163634052
leaf_weight=9.9147508644964599 5.0754106380045405 6.7406814955174914 6.9021008913405222 8.1726279731374216 6.349891681689769
leaf_count=276 168 17 202 121 42
internal_value=-0.000516362 0.00337578 0.0093126 -0.00194782 0.02374
internal_weight=43.1555 38.0801 31.3394 18.0874 13.252
internal_count=826 658 641 397 244
is_linear=0
shrinkage=0.05


Tree=110
num_leaves=6
num_cat=0
split_feature=102 130 122 167 0
split_gain=1.63518 2.24666 3.17129 2.55626 1.59692
threshold=7.9649999141693124 7.1449999809265146 11.73778009414673 3.3347171545028691 3.7256208658218388
decision_type=2 2 2 2 2
left_child=1 2 3 -1 -5
right_child=-2 -3 -4 4 -6
leaf_value=-0.035776050525547207 0.017957931453071771 -0.032703612985475639 0.026332082973590288 0.014582054075492901 -0.015313526765918599
leaf_weight=5.5477856821380618 8.4675591905834136 5.2257579234428695 7.5336253345012656 8.9466746542602795 7.1134470095857969
leaf_count=98 248 57 117 113 193
internal_value=-0.000509533 -0.00543873 0.000373295 -0.00944167 0.00121907
internal_weight=42.8348 34.3673 29.1415 21.6079 16.0601
internal_count=826 578 521 404 306
is_linear=0
shrinkage=0.05


Tree=111
num_leaves=7
num_cat=0
split_feature=124 166 42 54 3 54
split_gain=1.58493 2.33387 1.91849 1.86093 2.69078 1.39306
threshold=3.5000000000000004 37.000000000000007 0.19579154253005984 0.0083546726964414137 3.7256208658218388 0.0056519755162298688
decision_type=2 2 2 2 2 2
left_child=1 -1 5 -4 -5 -3
right_child=-2 2 3 4 -6 -7
leaf_value=-0.032178690042337081 0.022832955199682283 0.030880942635642381 -0.029511880554896359 0.023313267226207256 -0.016683391971813066 -0.0027908643041354799
leaf_weight=5.2851720256730905 5.2529022806556886 6.2678570186253619 5.815731635317209 6.8192638754844657 8.107527314219622 5.0549545967951417
leaf_count=84 234 110 17 91 184 106
internal_value=-0.000521371 -0.00431561 0.00111122 -0.00785543 0.00190548 0.0168419
internal_weight=42.6034 37.3505 32.0653 20.7425 14.9268 11.3228
internal_count=826 592 508 292 275 216
is_linear=0
shrinkage=0.05


Tree=112
num_leaves=7
num_cat=0
split_feature=102 130 159 166 102 126
split_gain=1.53483 2.10428 2.55403 3.91333 2.92653 0.104751
threshold=7.9649999141693124 7.1449999809265146 1.0000000180025095e-35 38.500000000000007 7.805000066757203 2.8349999189376835
decision_type=2 2 2 2 2 2
left_child=1 2 3 -1 -5 -6
right_child=-2 -3 -4 4 5 -7
leaf_value=-0.039938153222008992 0.017419321163458203 -0.032054385219477191 0.024453398729797099 0.030548496845855588 -0.015774731979862344 -0.004634743883377126
leaf_weight=5.845002450514591 8.4161758937407267 5.0819814419373861 7.0727422256022683 5.822787777055054 5.0554488338530046 5.0470928547438234
leaf_count=142 248 57 72 116 133 58
internal_value=-0.000508187 -0.00532709 0.000298405 -0.00827834 0.00501474 -0.0111281
internal_weight=42.3412 33.9251 28.8431 21.7703 15.9253 10.1025
internal_count=826 578 521 449 307 191
is_linear=0
shrinkage=0.05


Tree=113
num_leaves=7
num_cat=0
split_feature=121 128 131 134 122 136
split_gain=1.69204 2.07068 1.96327 1.94214 0.669002 0.234556
threshold=1.0000000180025095e-35 0.95499998331069957 738.00000000000011 1.0000000180025095e-35 12.688024044036867 3.270515084266663
decision_type=2 2 2 2 2 2
left_child=1 2 3 -1 -4 -5
right_child=-2 -3 4 5 -6 -7
leaf_value=0.018101764982533426 -0.025180768503882844 -0.020385111887053917 0.036252225356595044 -0.018452864902195647 0.009413692632559565 -0.0042336624516570399
leaf_weight=7.5507311329711291 5.0009497436694792 6.4758985936641684 5.5001811671536398 6.401327468454836 5.0738639774499461 6.0324882715940475
leaf_count=264 168 17 193 39 84 61
internal_value=-0.00051696 0.003388 0.00891225 -0.000551146 0.0253 -0.0123828
internal_weight=42.0354 37.0345 30.5586 19.9845 10.574 12.4338
internal_count=826 658 641 364 277 100
is_linear=0
shrinkage=0.05


Tree=114
num_leaves=6
num_cat=0
split_feature=122 167 136 137 167
split_gain=1.53251 1.9947 2.1408 1.91573 2.11427
threshold=12.788913726806642 3.11083996295929 2.7212089300155644 2.4414010047912602 5.7386724948883066
decision_type=2 2 2 2 2
left_child=1 -1 3 4 -3
right_child=-2 2 -4 -5 -6
leaf_value=-0.030982906164595814 0.016075645746148431 -0.016017654427139406 0.022400967495219082 -0.031285519594059015 0.019595670100716889
leaf_weight=5.3465780545957378 9.5854373637121153 7.4717438067309612 6.8749360442161551 5.283418705686926 7.2100034495815635
leaf_count=111 128 173 93 31 290
internal_value=-0.000501693 -0.00577419 0.000179928 -0.00817532 0.00160588
internal_weight=41.7721 32.1867 26.8401 19.9652 14.6817
internal_count=826 698 587 494 463
is_linear=0
shrinkage=0.05


Tree=115
num_leaves=7
num_cat=0
split_feature=124 166 42 54 0 54
split_gain=1.42625 2.2395 1.84352 1.75915 2.49501 1.04676
threshold=3.5000000000000004 37.000000000000007 0.19579154253005984 0.0083546726964414137 3.7256208658218388 0.0055689732544124135
decision_type=2 2 2 2 2 2
left_child=1 -1 5 -4 -5 -3
right_child=-2 2 3 4 -6 -7
leaf_value=-0.031764808953291666 0.021671242895627829 0.029601335583947532 -0.028958800706546512 0.022833307157539645 -0.016205625387119813 -0.0002611312669085538
leaf_weight=5.1521747154183677 5.2181421449640757 5.8704976716544497 5.6669834912754622 6.6157698733732087 7.8585030063986778 5.0921280093025416
leaf_count=84 234 103 17 91 184 113
internal_value=-0.000508896 -0.00419716 0.00121645 -0.00769738 0.00196039 0.016868
internal_weight=41.4742 36.2561 31.1039 20.1413 14.4743 10.9626
internal_count=826 592 508 292 275 216
is_linear=0
shrinkage=0.05


Tree=116
num_leaves=7
num_cat=0
split_feature=37 125 159 102 167 65
split_gain=1.47741 3.73267 3.08804 2.02702 1.90758 0.169637
threshold=0.89587974548339855 0.034999999217689044 1.0000000180025095e-35 7.9149999618530282 6.0883164405822763 0.0065650134347379216
decision_type=2 2 2 2 2 2
left_child=2 4 5 -4 -2 -1
right_child=1 -3 3 -5 -6 -7
leaf_value=-0.034730502156238123 0.013426459893955765 0.03548710903227717 0.026924823261505165 -0.012905571463561711 -0.023138292251252114 -0.015669221322064251
leaf_weight=5.3816818555351347 5.4815829908475298 7.1878974185092366 5.8730597328394651 5.1280818907544017 7.1245259831193835 5.0519339507445693
leaf_count=145 97 166 70 82 163 103
internal_value=-0.000494846 0.0091181 -0.0093827 0.00882995 -0.00742041 -0.0276787
internal_weight=41.2288 19.794 21.4348 11.0011 12.6061 10.4336
internal_count=826 426 400 152 260 248
is_linear=0
shrinkage=0.05


Tree=117
num_leaves=6
num_cat=0
split_feature=122 167 136 137 167
split_gain=1.49466 1.93739 1.90703 1.71334 1.98768
threshold=12.788913726806642 3.11083996295929 2.7212089300155644 2.4414010047912602 5.7386724948883066
decision_type=2 2 2 2 2
left_child=1 -1 3 4 -3
right_child=-2 2 -4 -5 -6
leaf_value=-0.030723986375812709 0.01603226747271878 -0.015766408054602121 0.02141032847964737 -0.030202899166504205 0.018914846580832659
leaf_weight=5.2704821778461364 9.3878726463299227 7.3756593610160106 6.7043618792667976 5.0165721625089637 7.1591713016387075
leaf_count=111 128 173 93 31 290
internal_value=-0.000491544 -0.00575362 0.000202174 -0.00775823 0.0014339
internal_weight=40.9141 31.5262 26.2558 19.5514 14.5348
internal_count=826 698 587 494 463
is_linear=0
shrinkage=0.05


Tree=118
num_leaves=6
num_cat=0
split_feature=65 127 127 42 126
split_gain=1.41687 1.9707 3.43858 2.06304 1.61565
threshold=0.00054763059597462427 535.50000000000011 1022.0000000000001 0.23679754883050921 1.6050000190734866
decision_type=2 2 2 2 2
left_child=-1 3 -3 -2 -5
right_child=1 2 -4 4 -6
leaf_value=0.019192928694870229 -0.032696046483713437 0.036130207758957651 -0.012788166343790387 -0.018702326421509971 0.013442655372484336
leaf_weight=6.5303690764121702 7.7372476584278074 5.7373925119172764 6.893377740168944 6.2687492198310775 7.4663749556057155
leaf_count=84 142 145 180 109 166
internal_value=-0.000499454 -0.00470966 0.0104529 -0.0136971 -0.00150199
internal_weight=40.6335 34.1031 12.6308 21.4724 13.7351
internal_count=826 742 325 417 275
is_linear=0
shrinkage=0.05


Tree=119
num_leaves=6
num_cat=0
split_feature=102 129 159 166 102
split_gain=1.31602 1.66189 2.22933 3.50956 2.5037
threshold=7.9649999141693124 7.2449998855590829 1.0000000180025095e-35 38.500000000000007 7.805000066757203
decision_type=2 2 2 2 2
left_child=1 2 3 -1 -5
right_child=-2 -3 -4 4 -6
leaf_value=-0.038856147051816711 0.016352535006667682 -0.027137334490353378 0.023186671796981924 0.029353083481579334 -0.010888638051886281
leaf_weight=5.4132345728576245 8.1308950830716622 5.7947334358468643 6.8677459526807061 5.4314939277246586 8.7932241391390544
leaf_count=142 248 64 70 114 188
internal_value=-0.000475368 -0.00507526 0.00055925 -0.00809403 0.00539578
internal_weight=40.4313 32.3004 26.5057 19.638 14.2247
internal_count=826 578 514 444 302
is_linear=0
shrinkage=0.05


Tree=120
num_leaves=6
num_cat=0
split_feature=37 159 102 40 102
split_gain=1.31891 2.68505 1.86522 1.83711 2.58901
threshold=0.89587974548339855 1.0000000180025095e-35 7.9149999618530282 0.0073415529914200315 7.9449999332427987
decision_type=2 2 2 2 2
left_child=1 -1 -3 -2 -5
right_child=3 2 -4 4 -6
leaf_value=-0.026574612609272422 0.030867257451882554 0.025454086343729133 -0.012891405856029251 0.017515113481540955 -0.022891600974317524
leaf_weight=9.9435605143662542 5.4061327949166325 5.7942808018997312 5.0882974658161402 7.5148656689561886 6.4217775124125183
leaf_count=248 77 70 82 191 158
internal_value=-0.00047082 -0.0089968 0.00794907 0.0087 -0.00138971
internal_weight=40.1689 20.8261 10.8826 19.3428 13.9366
internal_count=826 400 152 426 349
is_linear=0
shrinkage=0.05


Tree=121
num_leaves=6
num_cat=0
split_feature=124 166 132 125 161
split_gain=1.38356 1.4792 2.37397 2.18031 1.66489
threshold=3.5000000000000004 38.500000000000007 1.0000000180025095e-35 0.034999999217689044 1.0000000180025095e-35
decision_type=2 2 2 2 2
left_child=1 2 -1 4 -3
right_child=-2 3 -4 -5 -6
leaf_value=-0.035615783664774352 0.021638576709110385 0.0077202588973329378 0.0046741125520938396 0.024091247366626573 -0.024734826783425694
leaf_weight=6.6804903701413405 5.0737308156676582 7.7310737515799719 6.5860188528895378 7.4715331590268752 6.3934262773254886
leaf_count=166 234 156 61 132 77
internal_value=-0.000440711 -0.0041678 -0.0166886 0.00392196 -0.00763456
internal_weight=39.9363 34.8625 13.2665 21.596 14.1245
internal_count=826 592 227 365 233
is_linear=0
shrinkage=0.05


Tree=122
num_leaves=6
num_cat=0
split_feature=66 127 127 42 126
split_gain=1.37467 1.77496 3.10489 1.92625 1.35667
threshold=0.00054763059597462427 535.50000000000011 1022.0000000000001 0.23679754883050921 1.6050000190734866
decision_type=2 2 2 2 2
left_child=-1 3 -3 -2 -5
right_child=1 2 -4 4 -6
leaf_value=0.019105414968093107 -0.031941524872047933 0.034498938025299027 -0.012421580288196711 -0.017498189120221948 0.012230847347036958
leaf_weight=6.4134332279209039 7.4812781217042383 5.6187625244492647 6.7373688286170363 6.057244530413298 7.4216383965685964
leaf_count=84 142 145 180 109 166
internal_value=-0.000430239 -0.00463804 0.00990032 -0.013269 -0.00141483
internal_weight=39.7297 33.3163 12.3561 20.9602 13.4789
internal_count=826 742 325 417 275
is_linear=0
shrinkage=0.05


Tree=123
num_leaves=6
num_cat=0
split_feature=124 166 137 125 167
split_gain=1.27651 1.4116 2.2617 1.97728 1.60801
threshold=3.5000000000000004 38.500000000000007 2.3502402305603032 0.034999999217689044 5.942652940750123
decision_type=2 2 2 2 2
left_child=1 2 -1 4 -3
right_child=-2 3 -4 -5 -6
leaf_value=-0.03512894831448396 0.020755273601018972 0.010572913767693228 0.004470839424325297 0.02308101681988687 -0.021485720195536455
leaf_weight=6.5112098688259703 5.0864230969455084 6.3186455441173184 6.5494999401271343 7.4528909333748734 7.6243785873521119
leaf_count=167 234 106 60 132 127
internal_value=-0.00040952 -0.00403108 -0.0163653 0.00389266 -0.0072222
internal_weight=39.543 34.4566 13.0607 21.3959 13.943
internal_count=826 592 227 365 233
is_linear=0
shrinkage=0.05


Tree=124
num_leaves=6
num_cat=0
split_feature=66 127 127 42 126
split_gain=1.30063 1.66974 2.76329 1.8414 1.21351
threshold=0.00054763059597462427 535.50000000000011 1022.0000000000001 0.23679754883050921 1.6050000190734866
decision_type=2 2 2 2 2
left_child=-1 3 -3 -2 -5
right_child=1 2 -4 4 -6
leaf_value=0.018615012641023439 -0.031319265742345503 0.032810149990825203 -0.011640372093475394 -0.016650142864016376 0.011597524311301633
leaf_weight=6.3968935334123662 7.3782076379284289 5.5982926620636118 6.6378486020257697 5.9657453158870322 7.3810278645250946
leaf_count=84 142 145 180 109 166
internal_value=-0.000394072 -0.00452274 0.00963903 -0.0129427 -0.00130911
internal_weight=39.358 32.9611 12.2361 20.725 13.3468
internal_count=826 742 325 417 275
is_linear=0
shrinkage=0.05


Tree=125
num_leaves=6
num_cat=0
split_feature=37 125 122 167 167
split_gain=1.19205 2.92758 1.84243 1.77537 1.66065
threshold=0.89587974548339855 0.034999999217689044 7.4681935310363778 3.0310379266738896 6.0883164405822763
decision_type=2 2 2 2 2
left_child=2 4 -1 -4 -2
right_child=1 -3 3 -5 -6
leaf_value=-0.030469868791056794 0.013226960580870651 0.03207928136955987 -0.013390176815401448 0.019459603202022301 -0.021670029938430209
leaf_weight=5.6269136155024198 5.1849116061348486 6.9269070056034243 8.3002001144923252 6.3785227327607563 6.7669612523168325
leaf_count=170 97 166 139 91 163
internal_value=-0.000375335 0.0084405 -0.00858315 0.00121514 -0.00667878
internal_weight=39.1844 18.8788 20.3056 14.6787 11.9519
internal_count=826 426 400 230 260
is_linear=0
shrinkage=0.05


Tree=126
num_leaves=7
num_cat=0
split_feature=65 167 131 127 0 122
split_gain=1.23834 1.65507 1.68805 5.56872 1.11703 0.488071
threshold=0.00054763059597462427 3.3347171545028691 514.00000000000011 841.50000000000011 3.7256208658218388 11.73778009414673
decision_type=2 2 2 2 2 2
left_child=-1 5 4 -4 -3 -2
right_child=1 2 3 -5 -6 -7
leaf_value=0.018168931138958899 -0.029295178085082543 0.0053628422772487158 0.050028894918398528 -0.017576841627007688 -0.023831193907474797 -0.0069150421198637532
leaf_weight=6.3927887757308772 5.3372471474576724 6.0158316139131802 5.1475829565897566 5.2775122984312475 5.4914497081190348 5.2697595288045704
leaf_count=84 155 73 224 123 98 69
internal_value=-0.000364208 -0.00443844 0.00349479 0.0172618 -0.00936048 -0.01973
internal_weight=38.9322 32.5394 21.9324 10.4251 11.5073 10.607
internal_count=826 742 518 347 171 224
is_linear=0
shrinkage=0.05


Tree=127
num_leaves=6
num_cat=0
split_feature=124 166 137 161 122
split_gain=1.19957 1.38673 2.00956 1.56881 2.71439
threshold=3.5000000000000004 38.500000000000007 2.3502402305603032 1.0000000180025095e-35 11.716146945953371
decision_type=2 2 2 2 2
left_child=1 2 -1 4 -3
right_child=-2 3 -4 -5 -6
leaf_value=-0.034409841465286271 0.020253822049484584 0.037265681941747023 0.0034038545704960866 -0.011243626722901825 -0.0074348270148278627
leaf_weight=6.2502982690930349 5.0206551831215611 5.779489429667592 6.4998201262205839 8.8523729282896966 6.2533501435536891
leaf_count=167 234 130 60 170 65
internal_value=-0.000354891 -0.00392705 -0.0162874 0.00401817 0.0152472
internal_weight=38.656 33.6353 12.7501 20.8852 12.0328
internal_count=826 592 227 365 195
is_linear=0
shrinkage=0.05


Tree=128
num_leaves=6
num_cat=0
split_feature=65 9 125 132 168
split_gain=1.17354 1.58576 2.0893 1.40234 1.38984
threshold=0.00054763059597462427 3.4924095869064335 0.034999999217689044 1.0000000180025095e-35 75.000000000000014
decision_type=2 2 2 2 2
left_child=-1 3 4 -2 -3
right_child=1 2 -4 -5 -6
leaf_value=0.017692052254197309 -0.027355021114472085 0.0084809205409543779 0.026592843099527072 0.0037896351186993667 -0.023886991896417138
leaf_weight=6.3876499836333087 8.9311304618604463 6.1897283396683651 6.2836697126040226 5.3378553055226794 5.3153641894459724
leaf_count=84 272 236 163 49 22
internal_value=-0.000332903 -0.004351 0.00552532 -0.016219 -0.00718743
internal_weight=38.4454 32.0577 17.7888 14.269 11.5051
internal_count=826 742 421 321 258
is_linear=0
shrinkage=0.05


Tree=129
num_leaves=6
num_cat=0
split_feature=153 9 127 129 44
split_gain=1.10586 1.99782 1.87582 1.5347 1.05128
threshold=1.0000000180025095e-35 3.4221431016922002 528.50000000000011 6.555000066757203 0.6904762089252473
decision_type=2 2 2 2 2
left_child=-1 -2 4 -4 -3
right_child=1 2 3 -5 -6
leaf_value=0.016455392219666937 -0.023736507632787826 -0.023964474692498405 0.034979475065986046 -0.0018304750666955035 0.003512712666819138
leaf_weight=6.9024766581132999 8.4740617335774022 5.4081803038716316 5.2433220254024473 5.0085959769785404 7.1423986558802444
leaf_count=131 143 46 209 95 202
internal_value=-0.000317007 -0.00441368 0.00346278 0.0184315 -0.00922225
internal_weight=38.179 31.2766 22.8025 10.2519 12.5506
internal_count=826 695 552 304 248
is_linear=0
shrinkage=0.05


Tree=130
num_leaves=7
num_cat=0
split_feature=65 167 131 127 3 122
split_gain=1.0822 1.48384 1.47611 4.96525 1.03646 0.411702
threshold=0.00054763059597462427 3.3347171545028691 514.00000000000011 920.50000000000011 3.7256208658218388 11.73778009414673
decision_type=2 2 2 2 2 2
left_child=-1 5 4 -4 -3 -2
right_child=1 2 3 -5 -6 -7
leaf_value=0.016973894783801072 -0.02801020269959776 0.005482706009949598 0.047612966882366908 -0.017085059015774364 -0.022935897761941493 -0.0069675007105714963
leaf_weight=6.3977141603827468 5.0634042634628731 5.8986842837184685 5.0213443484390137 5.0788123948732391 5.3121463353745639 5.2031245231628418
leaf_count=84 155 73 229 118 98 69
internal_value=-0.000297715 -0.00421062 0.00340128 0.0164716 -0.00875872 -0.0189107
internal_weight=37.9752 31.5775 21.311 10.1002 11.2108 10.2665
internal_count=826 742 518 347 171 224
is_linear=0
shrinkage=0.05


Tree=131
num_leaves=6
num_cat=0
split_feature=37 125 132 9 134
split_gain=1.0989 2.40218 1.36711 1.92207 1.26269
threshold=0.89587974548339855 0.034999999217689044 1.0000000180025095e-35 2.6740521192550664 1.1512925624847414
decision_type=2 2 2 2 2
left_child=2 4 3 -1 -2
right_child=1 -3 -4 -5 -6
leaf_value=-0.00028523577488249265 0.0092240129492927488 0.029843741522754954 0.0083450004725674747 -0.038251321357754997 -0.021771384270808648
leaf_weight=7.2481743376702088 6.0246036833850685 6.7669675181386983 7.2007946278899899 5.1965703370515257 5.2913013882935047
leaf_count=160 233 166 70 170 27
internal_value=-0.000292395 0.00836457 -0.00827995 -0.0178047 -0.00586033
internal_weight=37.7284 18.0829 19.6455 12.4447 11.3159
internal_count=826 426 400 330 260
is_linear=0
shrinkage=0.05


Tree=132
num_leaves=6
num_cat=0
split_feature=65 167 127 39 39
split_gain=1.01985 1.4754 1.20618 0.855558 0.351433
threshold=0.00054763059597462427 3.11083996295929 535.50000000000011 0.23136015236377719 0.079267695546150221
decision_type=2 2 2 2 2
left_child=-1 -2 3 4 -3
right_child=1 2 -4 -5 -6
leaf_value=0.01647464236795116 -0.025909724714385414 -0.0046916205847186386 0.014409897835068332 0.0075557789921154488 -0.023329584173531481
leaf_weight=6.3738946847151956 5.2685964542906758 5.3635905904229784 9.5194836447481048 5.7916707936674348 5.1602965116035193
leaf_count=84 116 138 295 94 99
internal_value=-0.000301656 -0.00414561 0.00109291 -0.00706049 -0.015062
internal_weight=37.4775 31.1036 25.835 16.3156 10.5239
internal_count=826 742 626 331 237
is_linear=0
shrinkage=0.05


Tree=133
num_leaves=5
num_cat=0
split_feature=127 137 167 166
split_gain=1.03527 2.17385 1.49469 0.828437
threshold=191.50000000000003 2.3502402305603032 3.6813197135925297 38.500000000000007
decision_type=2 2 2 2
left_child=3 2 -2 -1
right_child=1 -3 -4 -5
leaf_value=-0.0015785291440808793 -0.030959026501585125 0.0097317197967502385 0.00092025211465851769 0.024018639674355566
leaf_weight=5.9480068243574333 8.2560449643060583 11.698637420311568 6.0066286546643815 5.4775510055478662
leaf_count=120 212 93 282 119
internal_value=-0.000310428 -0.00580575 -0.0183526 0.0116385
internal_weight=37.3869 25.9613 14.2627 11.4256
internal_count=826 587 494 239
is_linear=0
shrinkage=0.05


Tree=134
num_leaves=5
num_cat=0
split_feature=102 129 159 37
split_gain=1.06394 1.71291 2.1147 2.52633
threshold=7.9649999141693124 7.2449998855590829 1.0000000180025095e-35 0.89587974548339855
decision_type=2 2 2 2
left_child=1 2 3 -1
right_child=-2 -3 -4 -5
leaf_value=-0.026175526635426563 0.015309666070027284 -0.02745333402615879 0.024476090346943855 0.0095855948244734888
leaf_weight=8.28332420159132 7.5500814120750865 5.4886656044982365 6.1884445659816256 9.7380583283957094
leaf_count=210 248 64 70 234
internal_value=-0.000296921 -0.00463396 0.00142325 -0.00736357
internal_weight=37.2486 29.6985 24.2098 18.0214
internal_count=826 578 514 444
is_linear=0
shrinkage=0.05


Tree=135
num_leaves=5
num_cat=0
split_feature=153 9 127 132
split_gain=1.01302 1.74028 1.71921 0.931824
threshold=1.0000000180025095e-35 3.4221431016922002 528.50000000000011 0.89587974548339855
decision_type=2 2 2 2
left_child=-1 -2 3 -3
right_child=1 2 -4 -5
leaf_value=0.015828332512735247 -0.02266220074661883 0.0062667897500048447 0.017734911287572149 -0.019994441170745319
leaf_weight=6.8030442954041055 8.1554008682724106 5.2099580471403915 9.8956330296350625 6.9702584659680724
leaf_count=131 143 187 304 61
internal_value=-0.000294041 -0.00431276 0.00315432 -0.00913827
internal_weight=37.0343 30.2313 22.0758 12.1802
internal_count=826 695 552 248
is_linear=0
shrinkage=0.05


Tree=136
num_leaves=6
num_cat=0
split_feature=66 166 0 131 130
split_gain=0.998252 1.2931 1.19028 1.3094 0.132547
threshold=0.00054763059597462427 38.500000000000007 3.7256208658218388 437.00000000000006 2.9750000238418584
decision_type=2 2 2 2 2
left_child=-1 4 -3 -4 -2
right_child=1 2 3 -5 -6
leaf_value=0.016408215827240568 -0.0088477193561013953 0.015332269777078106 -0.024245244107456675 0.0084248220959396176 -0.022868363046664317
leaf_weight=6.2829709043726316 5.021269761258738 9.5960484873503447 5.0188461169600487 5.4836073920596391 5.4837332249153405
leaf_count=84 90 100 85 302 165
internal_value=-0.000287437 -0.00412583 0.00337258 -0.00793789 -0.0175182
internal_weight=36.8865 30.6035 20.0985 10.5025 10.505
internal_count=826 742 487 387 255
is_linear=0
shrinkage=0.05


Tree=137
num_leaves=5
num_cat=0
split_feature=127 137 239 54
split_gain=1.04125 1.99793 1.85678 1.08397
threshold=191.50000000000003 2.3502402305603032 23.98499965667725 0.15474256128072741
decision_type=2 2 2 2
left_child=3 2 -2 -1
right_child=1 -3 -4 -5
leaf_value=0.026672772349856162 -0.030932490660515979 0.0091236815357358964 0.0051538986138267746 -0.0026723009332011117
leaf_weight=5.1207874731626344 8.7598650758154708 11.541902141645549 5.2182286101160562 6.1390719094779342
leaf_count=133 167 93 327 106
internal_value=-0.00029751 -0.0058605 -0.0180162 0.0117604
internal_weight=36.7799 25.52 13.9781 11.2599
internal_count=826 587 494 239
is_linear=0
shrinkage=0.05


Tree=138
num_leaves=5
num_cat=0
split_feature=102 129 122 42
split_gain=0.990665 1.62969 2.60706 1.71828
threshold=7.9649999141693124 7.2449998855590829 11.73778009414673 0.34379053115844732
decision_type=2 2 2 2
left_child=1 2 3 -1
right_child=-2 -3 -4 -5
leaf_value=-0.021616637526198454 0.014842660643162031 -0.026948562490441128 0.027235314986947201 0.0082429693068755208
leaf_weight=9.6996118549723267 7.4676045119995242 5.3842031126841894 6.081811466603539 8.0157343610189837
leaf_count=240 248 64 116 158
internal_value=-0.00027786 -0.00451083 0.00144783 -0.00838741
internal_weight=36.649 29.1814 23.7972 17.7153
internal_count=826 578 514 398
is_linear=0
shrinkage=0.05


Tree=139
num_leaves=5
num_cat=0
split_feature=127 137 239 54
split_gain=0.925654 1.84322 1.74449 1.02299
threshold=191.50000000000003 2.3502402305603032 23.98499965667725 0.15474256128072741
decision_type=2 2 2 2
left_child=3 2 -2 -1
right_child=1 -3 -4 -5
leaf_value=0.025588753106837704 -0.0300475895342526 0.0088194700725287949 0.0051144885876800543 -0.0028713843592515944
leaf_weight=5.1154985714238119 8.5766403109300899 11.499444084241984 5.1789408230106337 6.1563006429933012
leaf_count=133 167 93 327 106
internal_value=-0.000265806 -0.00555758 -0.0173597 0.0110774
internal_weight=36.5268 25.255 13.7556 11.2718
internal_count=826 587 494 239
is_linear=0
shrinkage=0.05


Tree=140
num_leaves=5
num_cat=0
split_feature=102 129 129 123
split_gain=0.951349 1.49405 1.24778 1.61023
threshold=7.9649999141693124 7.2449998855590829 3.620000004768372 2.1399999856948857
decision_type=2 2 2 2
left_child=1 2 3 -1
right_child=-2 -3 -4 -5
leaf_value=0.0063772654330843297 0.014593222049526584 -0.026135965242914561 0.017167576587919654 -0.0238283969853475
leaf_weight=9.8310770113021224 7.4338865051977328 5.2654064819216719 7.307058736565522 6.566375652793794
leaf_count=257 248 64 166 91
internal_value=-0.00024823 -0.00441651 0.00127062 -0.006393
internal_weight=36.4038 28.9699 23.7045 16.3975
internal_count=826 578 514 348
is_linear=0
shrinkage=0.05


Tree=141
num_leaves=5
num_cat=0
split_feature=37 159 167 136
split_gain=0.974125 2.39178 1.20781 0.426595
threshold=0.89587974548339855 1.0000000180025095e-35 7.4868254661560067 6.7232313156127939
decision_type=2 2 2 2
left_child=1 -1 3 -2
right_child=2 -3 -4 -5
leaf_value=-0.025047742364554312 0.02651583154663624 0.0090064677223724281 -0.0077967308625995907 0.0057550382947515813
leaf_weight=9.1382343047298491 5.5407867460162397 9.7084728742484003 6.7776133790612212 5.1108950218185782
leaf_count=248 246 152 111 69
internal_value=-0.0002557 -0.00793554 0.00802868 0.0179032
internal_weight=36.276 18.8467 17.4293 10.6517
internal_count=826 400 426 315
is_linear=0
shrinkage=0.05


Tree=142
num_leaves=5
num_cat=0
split_feature=153 9 136 237
split_gain=0.937495 1.62281 1.56576 2.09707
threshold=1.0000000180025095e-35 3.4221431016922002 6.8211069107055673 1.0000000180025095e-35
decision_type=2 2 2 2
left_child=-1 -2 3 -3
right_child=1 2 -4 -5
leaf_value=0.01541466324713457 -0.022059165710502069 0.02994753108220944 -0.016262837543293433 -0.0054817546551636544
leaf_weight=6.6525449811015269 7.9609749326482442 7.0053178172092894 6.2793103111907831 8.1934575648629107
leaf_count=131 143 296 42 214
internal_value=-0.000235882 -0.00416276 0.0031569 0.0116887
internal_weight=36.0916 29.4391 21.4781 15.1988
internal_count=826 695 552 510
is_linear=0
shrinkage=0.05


Tree=143
num_leaves=5
num_cat=0
split_feature=37 125 159 134
split_gain=0.900045 2.24696 2.18414 1.31118
threshold=0.89587974548339855 0.034999999217689044 1.0000000180025095e-35 1.1512925624847414
decision_type=2 2 2 2
left_child=2 3 -1 -2
right_child=1 -3 -4 -5
leaf_value=-0.024273185863250016 0.0097986184311027666 0.028926813484447318 0.0085025325487372086 -0.022316908150801937
leaf_weight=8.9186595471110195 5.6290577662875894 6.4716441871714769 9.6478352802805603 5.2354323640465736
leaf_count=248 233 166 152 27
internal_value=-0.000224727 0.0077405 -0.00767761 -0.00625395
internal_weight=35.9026 17.3361 18.5665 10.8645
internal_count=826 426 400 260
is_linear=0
shrinkage=0.05


Tree=144
num_leaves=5
num_cat=0
split_feature=128 159 37 102
split_gain=0.921253 1.56518 3.51343 1.06876
threshold=0.95499998331069957 1.0000000180025095e-35 0.89587974548339855 7.9549999237060556
decision_type=2 2 2 2
left_child=1 2 -1 -4
right_child=-2 -3 3 -5
leaf_value=-0.026585980822439088 -0.015775624609589294 0.022267215844218733 0.024219763635335512 -0.00305777177617176
leaf_weight=8.5179462132509833 6.5922330061439416 7.2672156244516364 7.3400728516280651 5.9529558857320808
leaf_count=243 65 106 216 196
internal_value=-0.000218002 0.00371625 -0.00316996 0.0126449
internal_weight=35.6704 29.0782 21.811 13.293
internal_count=826 761 655 412
is_linear=0
shrinkage=0.05


Tree=145
num_leaves=5
num_cat=0
split_feature=153 9 127 132
split_gain=0.928863 1.36591 1.44487 0.77351
threshold=1.0000000180025095e-35 3.4221431016922002 528.50000000000011 0.89587974548339855
decision_type=2 2 2 2
left_child=-1 -2 3 -3
right_child=1 2 -4 -5
leaf_value=0.015400403350920681 -0.020892580158272472 0.0052427704838703031 0.016115499829769075 -0.019200827956936724
leaf_weight=6.6000367703381917 7.6846858988283229 5.0571753247641045 9.549091143999247 6.5539453513920307
leaf_count=131 143 187 304 61
internal_value=-0.000210828 -0.00417918 0.00255946 -0.00898299
internal_weight=35.4449 28.8449 21.1602 11.6111
internal_count=826 695 552 248
is_linear=0
shrinkage=0.05


Tree=146
num_leaves=5
num_cat=0
split_feature=127 136 54 166
split_gain=0.8978 2.24171 3.43267 1.08074
threshold=1001.5000000000001 6.8211069107055673 0.012512531597167255 38.500000000000007
decision_type=2 2 2 2
left_child=1 2 -1 -4
right_child=-2 -3 3 -5
leaf_value=0.042088883669309442 -0.012340079318313251 -0.021859081548428291 -0.016123764434747171 0.009730262351285747
leaf_weight=5.6546833481988932 9.8193282224237901 5.2263072412461034 5.9525961501058182 8.6663979541044665
leaf_count=175 234 31 114 272
internal_value=-0.000208428 0.00475251 0.0123177 -0.00115535
internal_weight=35.3193 25.5 20.2737 14.619
internal_count=826 592 561 386
is_linear=0
shrinkage=0.05


Tree=147
num_leaves=5
num_cat=0
split_feature=128 159 37 134
split_gain=0.884156 1.42672 3.26303 1.15509
threshold=0.95499998331069957 1.0000000180025095e-35 0.89587974548339855 1.1512925624847414
decision_type=2 2 2 2
left_child=1 2 -1 -4
right_child=-2 -3 3 -5
leaf_value=-0.025855549032401271 -0.015512463859148113 0.021448806236733484 0.023715737588865703 -0.0048144173665912509
leaf_weight=8.3031290521612426 6.5163316519465289 7.2016104487702242 7.6617087929043919 5.5217527858912945
leaf_count=243 65 106 380 32
internal_value=-0.000198848 0.00368489 -0.00295808 0.0122692
internal_weight=35.2045 28.6882 21.4866 13.1835
internal_count=826 761 655 412
is_linear=0
shrinkage=0.05


Tree=148
num_leaves=4
num_cat=0
split_feature=65 167 125
split_gain=0.893373 1.33864 2.10889
threshold=0.00054763059597462427 3.3347171545028691 0.024999999441206459
decision_type=2 2 2
left_child=-1 -2 -3
right_child=1 2 -4
leaf_value=0.015925403244744476 -0.018526159618094756 -0.012256223525521507 0.019017122921214043
leaf_weight=5.9760269343387327 9.3429364893818292 9.7914198164362478 9.8210579266888072
leaf_count=84 224 234 284
internal_value=-0.000194691 -0.00394224 0.00356693
internal_weight=34.9314 28.9554 19.6125
internal_count=826 742 518
is_linear=0
shrinkage=0.05


Tree=149
num_leaves=5
num_cat=0
split_feature=127 137 167 166
split_gain=0.857828 1.73263 1.21861 0.867887
threshold=191.50000000000003 2.3502402305603032 3.6813197135925297 38.500000000000007
decision_type=2 2 2 2
left_child=3 2 -2 -1
right_child=1 -3 -4 -5
leaf_value=-0.0026706459259978744 -0.028907578850138373 0.0088003435881673347 0.0011021430060173918 0.024053401246071006
leaf_weight=5.6885914243757707 7.5866687281522918 10.991391675546764 5.4646017078193836 5.1080057376530021
leaf_count=120 212 93 282 119
internal_value=-0.000181674 -0.00541342 -0.0171582 0.0109401
internal_weight=34.8393 24.0427 13.0513 10.7966
internal_count=826 587 494 239
is_linear=0
shrinkage=0.05


Tree=150
num_leaves=5
num_cat=0
split_feature=65 167 136 125
split_gain=0.868316 1.18842 1.4442 1.42094
threshold=0.00054763059597462427 3.1808031797409062 2.7212089300155644 0.024999999441206459
decision_type=2 2 2 2
left_child=-1 -2 3 -3
right_child=1 2 -4 -5
leaf_value=0.015757077103905 -0.023037469886757339 -0.018792475099332136 0.022106589840225562 0.0078673733038336011
leaf_weight=5.941273263655602 5.3681798834586543 8.9618596978252807 5.2475299499928942 9.1998413855326344
leaf_count=84 151 226 91 274
internal_value=-0.000173104 -0.0038807 0.00127614 -0.00558207
internal_weight=34.7187 28.7774 23.4092 18.1617
internal_count=826 742 591 500
is_linear=0
shrinkage=0.05


Tree=151
num_leaves=5
num_cat=0
split_feature=153 9 127 102
split_gain=0.860764 1.19737 1.42362 0.48609
threshold=1.0000000180025095e-35 3.4221431016922002 528.50000000000011 7.9249999523162851
decision_type=2 2 2 2
left_child=-1 -2 3 -3
right_child=1 2 -4 -5
leaf_value=0.014953736027088644 -0.019939745104399331 0.00047245252369617388 0.015923111661181388 -0.019321916146172024
leaf_weight=6.4929616560693821 7.4345739493146565 6.2334674114827084 9.3295272217947041 5.0825874878792092
leaf_count=131 143 120 304 128
internal_value=-0.000162118 -0.00405138 0.00232696 -0.00926512
internal_weight=34.5731 28.0802 20.6456 11.3161
internal_count=826 695 552 248
is_linear=0
shrinkage=0.05


Tree=152
num_leaves=5
num_cat=0
split_feature=128 159 37 134
split_gain=0.863403 1.31421 3.00869 1.1564
threshold=0.95499998331069957 1.0000000180025095e-35 0.89587974548339855 1.1512925624847414
decision_type=2 2 2 2
left_child=1 2 -1 -4
right_child=-2 -3 3 -5
leaf_value=-0.025087614147090032 -0.015384724834775057 0.020861883447283621 0.023633808937726642 -0.0050969356612404291
leaf_weight=8.051322083570998 6.4211151436902574 7.0912115173414341 7.4410642498987727 5.4746108688414097
leaf_count=243 65 106 380 32
internal_value=-0.000167877 0.0037241 -0.00275788 0.0119645
internal_weight=34.4793 28.0582 20.967 12.9157
internal_count=826 761 655 412
is_linear=0
shrinkage=0.05


Tree=153
num_leaves=5
num_cat=0
split_feature=102 130 122 42
split_gain=0.884799 1.4321 1.86058 1.34828
threshold=7.9649999141693124 6.2550001144409189 11.73778009414673 0.34379053115844732
decision_type=2 2 2 2
left_child=1 2 3 -1
right_child=-2 -3 -4 -5
leaf_value=-0.019953449376834586 0.01454081103477267 -0.022886452896546439 0.024875622058899077 0.0083080602069342761
leaf_weight=7.9228667315328547 6.9799446570686987 6.5995981292799106 5.5102513382444149 7.206484938506037
leaf_count=227 248 87 112 152
internal_value=-0.000164922 -0.00431469 0.00240691 -0.00681131
internal_weight=34.2191 27.2392 20.6396 15.1294
internal_count=826 578 491 379
is_linear=0
shrinkage=0.05


Tree=154
num_leaves=5
num_cat=0
split_feature=127 136 39 166
split_gain=0.864922 2.07047 3.12732 1.03309
threshold=1001.5000000000001 6.8211069107055673 0.012562931980937721 38.500000000000007
decision_type=2 2 2 2
left_child=1 2 -1 -4
right_child=-2 -3 3 -5
leaf_value=0.042030698446407833 -0.012240705668742566 -0.021235247979134939 -0.015463248932763253 0.0099943540365449082
leaf_weight=5.1517244661809007 9.4931157481623796 5.0186836700886479 5.7654688367620102 8.6993473845068348
leaf_count=162 234 31 118 281
internal_value=-0.000152798 0.00480104 0.0121691 -0.000496444
internal_weight=34.1283 24.6352 19.6165 14.4648
internal_count=826 592 561 399
is_linear=0
shrinkage=0.05


Tree=155
num_leaves=5
num_cat=0
split_feature=127 52 167 0
split_gain=0.791943 1.69551 1.34932 1.08661
threshold=1001.5000000000001 0.0070709157735109338 3.3347171545028691 3.7256208658218388
decision_type=2 2 2 2
left_child=1 -1 -3 -4
right_child=-2 2 3 -5
leaf_value=0.026009538599806616 -0.011735408652483501 -0.022255342760910068 0.01752579956151798 -0.0091759764224317759
leaf_weight=5.8027960086474222 9.4509324583923426 5.2719460166990784 7.3294989196583611 6.1602185498923063
leaf_count=123 234 92 119 258
internal_value=-0.000143181 0.0046014 -0.00300102 0.00554042
internal_weight=34.0154 24.5645 18.7617 13.4897
internal_count=826 592 469 377
is_linear=0
shrinkage=0.05


Tree=156
num_leaves=5
num_cat=0
split_feature=129 122 10 167
split_gain=0.786934 1.10034 1.73038 1.98062
threshold=7.6449999809265146 7.2218427658081064 2.3923145532608037 3.3347171545028691
decision_type=2 2 2 2
left_child=1 -1 3 -3
right_child=-2 2 -4 -5
leaf_value=-0.015646727096125402 -0.014804648820682885 -0.016646829246267446 0.030885833107878142 0.015384014564003505
leaf_weight=5.0210762328933951 6.2871471613179883 8.1757474369369501 5.2611481403000644 9.1813893924118002
leaf_count=139 65 160 69 393
internal_value=-0.000138275 0.00359834 0.00835219 0.000211555
internal_weight=33.9265 27.6394 22.6183 17.3571
internal_count=826 761 622 553
is_linear=0
shrinkage=0.05


Tree=157
num_leaves=5
num_cat=0
split_feature=102 128 122 42
split_gain=0.8045 1.27003 1.94385 1.67048
threshold=7.9649999141693124 0.90500000119209301 11.73778009414673 0.34379053115844732
decision_type=2 2 2 2
left_child=1 2 3 -1
right_child=-2 -3 -4 -5
leaf_value=-0.021387245792797285 0.013976751024361087 -0.02443261799997461 0.024250766411164099 0.0092498192744739274
leaf_weight=8.6916369140381082 6.8764240597374728 5.033212501788511 5.680402385769411 7.4240886650513849
leaf_count=239 248 65 116 158
internal_value=-0.000134606 -0.00412365 0.00143221 -0.00755774
internal_weight=33.7058 26.8293 21.7961 16.1157
internal_count=826 578 513 397
is_linear=0
shrinkage=0.05


Tree=158
num_leaves=4
num_cat=0
split_feature=127 167 131
split_gain=0.761741 1.55615 2.69238
threshold=1001.5000000000001 3.3347171545028691 478.50000000000006
decision_type=2 2 2
left_child=1 -1 -3
right_child=-2 2 -4
leaf_value=-0.011068606764938437 -0.011574946258651603 -0.002516798448879096 0.038803706996171305
leaf_weight=9.0990794199751708 9.3172349997330439 9.6551156346686167 5.5345069631584911
leaf_count=176 234 154 262
internal_value=-0.000128818 0.00454604 0.0140057
internal_weight=33.6059 24.2887 15.1896
internal_count=826 592 416
is_linear=0
shrinkage=0.05


Tree=159
num_leaves=5
num_cat=0
split_feature=127 65 127 166
split_gain=0.760267 1.23513 3.42838 0.702832
threshold=191.50000000000003 0.00087956542847678076 543.50000000000011 38.500000000000007
decision_type=2 2 2 2
left_child=3 -2 -3 -1
right_child=1 2 -4 -5
leaf_value=-0.0021859757939652951 -0.02101245790886809 -0.019332391027686826 0.024519999681498719 0.022245558217651659
leaf_weight=5.4266073745675367 7.1408899439265978 7.8997032780898717 7.9438479045638815 5.0385891522746533
leaf_count=120 105 187 295 119
internal_value=-0.000102356 -0.00516208 0.00280526 0.0104912
internal_weight=33.4496 22.9844 15.8436 10.4652
internal_count=826 587 482 239
is_linear=0
shrinkage=0.05


Tree=160
num_leaves=4
num_cat=0
split_feature=65 166 3
split_gain=0.788575 1.09223 1.465
threshold=0.00054763059597462427 38.500000000000007 3.7256208658218388
decision_type=2 2 2
left_child=-1 -2 -3
right_child=1 2 -4
leaf_value=0.015198502546739568 -0.016775441688946451 0.017514940093273389 -0.0095018161723605821
leaf_weight=5.8072803851682684 9.3089574966579693 8.5538769070990384 9.637490433815401
leaf_count=84 255 100 387
internal_value=-9.37618e-05 -0.00374302 0.0034526
internal_weight=33.3076 27.5003 18.1914
internal_count=826 742 487
is_linear=0
shrinkage=0.05


Tree=161
num_leaves=4
num_cat=0
split_feature=127 166 127
split_gain=0.740425 1.38555 1.13767
threshold=1001.5000000000001 54.000000000000007 195.00000000000003
decision_type=2 2 2
left_child=1 2 -1
right_child=-2 -3 -4
leaf_value=0.0099868118420297393 -0.011385176821897963 0.021160337945919438 -0.014891883629653289
leaf_weight=7.5664226550143274 9.262136849225497 7.3881038583931504 9.0055080648744461
leaf_count=158 234 269 165
internal_value=-8.15477e-05 0.00456912 -0.00361085
internal_weight=33.2222 23.96 16.5719
internal_count=826 592 323
is_linear=0
shrinkage=0.05


Tree=162
num_leaves=5
num_cat=0
split_feature=65 127 52 12
split_gain=0.746007 0.928696 1.41608 1.14237
threshold=0.00054763059597462427 535.50000000000011 0.11828140914440156 3.4526133537292485
decision_type=2 2 2 2
left_child=-1 2 -2 -3
right_child=1 3 -4 -5
leaf_value=0.014799576992731607 -0.022818691318255833 -0.0084335761286696235 0.0048701217738498226 0.02239660926492406
leaf_weight=5.8039036665577433 9.2592591968132236 5.0554058323614282 7.8622736949473611 5.2000834564678371
leaf_count=84 255 135 162 190
internal_value=-7.18383e-05 -0.003635 -0.0105368 0.00779994
internal_weight=33.1809 27.377 17.1215 10.2555
internal_count=826 742 417 325
is_linear=0
shrinkage=0.05


Tree=163
num_leaves=5
num_cat=0
split_feature=127 52 102 126
split_gain=0.748007 1.53081 0.661719 0.30626
threshold=1001.5000000000001 0.0070709157735109338 7.7950000762939462 2.3850001096725468
decision_type=2 2 2 2
left_child=1 -1 -3 -4
right_child=-2 2 3 -5
leaf_value=0.02520824781658711 -0.011420791997958129 0.0076080143693904138 -0.018216060652358496 -0.0013883190610790267
leaf_weight=5.6391046369099085 9.2467379317386058 7.9319039329420802 5.1262065113987756 5.1597592984326184
leaf_count=123 234 165 144 160
internal_value=-5.45007e-05 0.00463319 -0.00271586 -0.0106457
internal_weight=33.1037 23.857 18.2179 10.286
internal_count=826 592 469 304
is_linear=0
shrinkage=0.05


Tree=164
num_leaves=5
num_cat=0
split_feature=69 130 159 167
split_gain=0.704902 1.78802 2.09497 2.1278
threshold=1.0000000180025095e-35 6.1999998092651376 1.0000000180025095e-35 5.6453800201416025
decision_type=2 2 2 2
left_child=1 2 3 -1
right_child=-2 -3 -4 -5
leaf_value=-0.026441847957022459 0.012452108981353576 -0.024756837848063054 0.026509711397934038 0.01119465820721567
leaf_weight=6.2517761944327557 7.5318224976072079 6.513763513416051 5.8245066478848448 6.9393989202799276
leaf_count=224 96 115 72 319
internal_value=-5.08979e-05 -0.00406992 0.00389915 -0.00724898
internal_weight=33.0613 25.5294 19.0157 13.1912
internal_count=826 730 615 543
is_linear=0
shrinkage=0.05


Tree=165
num_leaves=4
num_cat=0
split_feature=65 167 125
split_gain=0.715361 0.914409 1.84587
threshold=0.00054763059597462427 3.3347171545028691 0.024999999441206459
decision_type=2 2 2
left_child=-1 -2 -3
right_child=1 2 -4
leaf_value=0.01456581034967914 -0.016239180148110443 -0.012304839216714002 0.017625226659594258
leaf_weight=5.747969994088634 8.4671322312206048 9.3624390499899182 9.2752111565205251
leaf_count=84 224 234 284
internal_value=-5.47676e-05 -0.00356323 0.00272918
internal_weight=32.8528 27.1048 18.6377
internal_count=826 742 518
is_linear=0
shrinkage=0.05


Tree=166
num_leaves=5
num_cat=0
split_feature=153 69 130 130
split_gain=0.681429 0.883083 1.11662 1.53737
threshold=1.0000000180025095e-35 1.0000000180025095e-35 6.2550001144409189 2.3549998998641972
decision_type=2 2 2 2
left_child=-1 2 3 -2
right_child=1 -3 -4 -5
leaf_value=0.013621710684064148 -0.013773513145000298 0.013110534840727647 -0.024195689445569393 0.01652500374861627
leaf_weight=6.2238357937894753 8.425423965789383 5.2755285209277636 6.3143492925446472 6.5331206851988091
leaf_count=131 260 81 108 246
internal_value=-4.84285e-05 -0.0036313 -0.00818538 -0.000334388
internal_weight=32.7723 26.5484 21.2729 14.9585
internal_count=826 695 614 506
is_linear=0
shrinkage=0.05


Tree=167
num_leaves=5
num_cat=0
split_feature=102 130 129 128
split_gain=0.700717 1.07886 1.37771 1.58808
threshold=7.9649999141693124 6.2550001144409189 3.620000004768372 0.27500000596046453
decision_type=2 2 2 2
left_child=1 2 3 -1
right_child=-2 -3 -4 -5
leaf_value=0.011463966874009912 0.013311084169061745 -0.0206491628260781 0.02212952903020526 -0.019510083638305406
leaf_weight=6.6157496442319887 6.6563268731115377 6.0519595872610799 5.1006203670985988 8.225338926073162
leaf_count=210 248 87 143 138
internal_value=-4.09993e-05 -0.00382659 0.00202101 -0.00585064
internal_weight=32.65 25.9937 19.9417 14.8411
internal_count=826 578 491 348
is_linear=0
shrinkage=0.05


Tree=168
num_leaves=5
num_cat=0
split_feature=127 56 167 0
split_gain=0.666865 1.43651 0.68699 0.925597
threshold=1001.5000000000001 0.0070709157735109338 3.4292786121368413 3.7256208658218388
decision_type=2 2 2 2
left_child=1 -1 -3 -4
right_child=-2 2 3 -5
leaf_value=0.024446179055727851 -0.010895081230850015 -0.015577071028707982 0.016358222369687234 -0.009306856636621343
leaf_weight=5.5658367723226574 9.0234228747431171 5.7841005518566844 6.208388642407952 5.9413682066369802
leaf_count=123 234 105 106 258
internal_value=-3.15811e-05 0.00441423 -0.00276554 0.00405438
internal_weight=32.5231 23.4997 17.9339 12.1498
internal_count=826 592 469 364
is_linear=0
shrinkage=0.05


Tree=169
num_leaves=4
num_cat=0
split_feature=166 159 0
split_gain=0.630792 2.30333 1.49978
threshold=38.500000000000007 1.0000000180025095e-35 3.7256208658218388
decision_type=2 2 2
left_child=1 -1 -2
right_child=2 -3 -4
leaf_value=-0.031494437008027579 0.019195307135133278 0.0080178887995600665 -0.0077864885598706848
leaf_weight=5.1041250845883015 9.2508271727710962 8.5611140339169651 9.529862480587326
leaf_count=172 110 149 395
internal_value=-2.41857e-05 -0.00788163 0.00580248
internal_weight=32.4459 13.6652 18.7807
internal_count=826 321 505
is_linear=0
shrinkage=0.05


Tree=170
num_leaves=5
num_cat=0
split_feature=128 159 37 134
split_gain=0.644738 1.21045 2.6549 1.07034
threshold=0.95499998331069957 1.0000000180025095e-35 0.89587974548339855 1.1512925624847414
decision_type=2 2 2 2
left_child=1 2 -1 -4
right_child=-2 -3 3 -5
leaf_value=-0.024489415197722991 -0.013708964516972686 0.02025813575534342 0.022934969635454262 -0.0053867865331152882
leaf_weight=7.6004053510259881 5.896512667881324 6.6829559656325719 6.9153790979180485 5.2203149981796741
leaf_count=243 65 106 380 32
internal_value=-4.46971e-05 0.00339381 -0.00301828 0.0112694
internal_weight=32.3156 26.4191 19.7361 12.1357
internal_count=826 761 655 412
is_linear=0
shrinkage=0.05


Tree=171
num_leaves=4
num_cat=0
split_feature=65 166 0
split_gain=0.647114 0.950729 1.12094
threshold=0.00054763059597462427 38.500000000000007 3.7256208658218388
decision_type=2 2 2
left_child=-1 -2 -3
right_child=1 2 -4
leaf_value=0.013932015223181514 -0.015858213568970228 0.015741458801831584 -0.0082893122378931566
leaf_weight=5.6628670343197873 8.8994268953101727 8.3409408982843178 9.1812983776326273
leaf_count=84 255 100 387
internal_value=-4.58216e-05 -0.00344046 0.0033821
internal_weight=32.0845 26.4217 17.5222
internal_count=826 742 487
is_linear=0
shrinkage=0.05


Tree=172
num_leaves=5
num_cat=0
split_feature=239 161 137 65
split_gain=0.637791 2.14456 1.70877 2.27661
threshold=23.98499965667725 1.0000000180025095e-35 2.3502402305603032 0.004183980869129301
decision_type=2 2 2 2
left_child=2 -2 3 -1
right_child=1 -3 -4 -5
leaf_value=-0.031441413447743254 0.030131162358989185 -0.008290653732240489 0.015205964734186823 0.0086262382332644699
leaf_weight=7.6965224938467163 5.2463540638564137 7.9156424648826942 5.7586468970403066 5.3939325611572713
leaf_count=158 192 260 76 140
internal_value=-3.66611e-05 0.00807043 -0.00581909 -0.015491
internal_weight=32.0111 13.162 18.8491 13.0905
internal_count=826 452 374 298
is_linear=0
shrinkage=0.05


Tree=173
num_leaves=5
num_cat=0
split_feature=136 127 54 166
split_gain=0.628722 1.59734 2.26062 0.762323
threshold=6.8211069107055673 1001.5000000000001 0.012512531597167255 38.500000000000007
decision_type=2 2 2 2
left_child=1 2 -1 -4
right_child=-2 -3 3 -5
leaf_value=0.036048380677462966 -0.013907477550432479 -0.014495366154586506 -0.013745204897775316 0.0089701064288933395
leaf_weight=5.2299512949539446 5.5652862545102826 7.7967043039388946 5.295028026448561 7.939590307069011
leaf_count=175 48 217 114 272
internal_value=-1.75388e-05 0.00332819 0.0112123 -0.000445209
internal_weight=31.8266 26.2613 18.4646 13.2346
internal_count=826 778 561 386
is_linear=0
shrinkage=0.05


Tree=174
num_leaves=4
num_cat=0
split_feature=66 166 0
split_gain=0.586766 0.894681 1.06387
threshold=0.00054763059597462427 38.500000000000007 3.7256208658218388
decision_type=2 2 2
left_child=-1 -2 -3
right_child=1 2 -4
leaf_value=0.013333527259303261 -0.015402056657087167 0.015519551890816705 -0.0080090505807302349
leaf_weight=5.618800513911995 8.7733828731579724 8.2106029749847966 9.1282405632664432
leaf_count=84 255 100 387
internal_value=-1.37912e-05 -0.00327171 0.00337136
internal_weight=31.731 26.1122 17.3388
internal_count=826 742 487
is_linear=0
shrinkage=0.05


Tree=175
num_leaves=5
num_cat=0
split_feature=128 159 37 135
split_gain=0.61986 1.19957 2.53777 0.897908
threshold=0.95499998331069957 1.0000000180025095e-35 0.89587974548339855 0.89587974548339855
decision_type=2 2 2 2
left_child=1 2 -1 -4
right_child=-2 -3 3 -5
leaf_value=-0.024234295724036042 -0.01356461819252508 0.020305873637944602 0.021793813228257738 -0.0044334683985881081
leaf_weight=7.4495043983915901 5.7412470274139187 6.5609693836886427 6.783591472718399 5.1251000072807074
leaf_count=243 65 106 380 32
internal_value=-6.10648e-06 0.00338952 -0.00305966 0.0110374
internal_weight=31.6604 25.9192 19.3582 11.9087
internal_count=826 761 655 412
is_linear=0
shrinkage=0.05


Tree=176
num_leaves=4
num_cat=0
split_feature=136 239 0
split_gain=0.649007 1.36701 3.03388
threshold=6.8211069107055673 23.534999847412113 3.7256208658218388
decision_type=2 2 2
left_child=1 -1 -3
right_child=-2 2 -4
leaf_value=-0.011648287054293256 -0.014159859950449822 0.03217558572025888 -0.0081564752847507263
leaf_weight=8.9046059488318914 5.5217859926633528 7.9891129118623239 9.0271998023381439
leaf_count=180 48 205 393
internal_value=-8.50434e-06 0.00342008 0.0115142
internal_weight=31.4427 25.9209 17.0163
internal_count=826 778 598
is_linear=0
shrinkage=0.05


Tree=177
num_leaves=5
num_cat=0
split_feature=153 23 127 81
split_gain=0.61068 1.01212 1.3595 0.0899489
threshold=1.0000000180025095e-35 13.460419178009035 528.50000000000011 1.5000000000000002
decision_type=2 2 2 2
left_child=-1 -2 3 -3
right_child=1 2 -4 -5
leaf_value=0.013173602224867621 -0.018628593860375523 -0.013398523002454758 0.016632786624182015 -0.0034515674531162585
leaf_weight=5.9515707909595248 6.7972814198583391 5.1107873227447289 8.393221468140835 5.1069000595016405
leaf_count=131 143 74 304 174
internal_value=-1.21637e-05 -0.00348266 0.00271693 -0.00917782
internal_weight=31.3598 25.4082 18.6109 10.2177
internal_count=826 695 552 248
is_linear=0
shrinkage=0.05


Tree=178
num_leaves=5
num_cat=0
split_feature=128 159 37 102
split_gain=0.631643 1.06563 2.35022 0.856046
threshold=0.95499998331069957 1.0000000180025095e-35 0.89587974548339855 7.9549999237060556
decision_type=2 2 2 2
left_child=1 2 -1 -4
right_child=-2 -3 3 -5
leaf_value=-0.023407964027921453 -0.013740041556611574 0.019382527266437757 0.021675924696960214 -0.0039807135805641882
leaf_weight=7.2537394971586844 5.7008621082641175 6.531152269570156 6.5408156985067762 5.2471078539965674
leaf_count=243 65 106 216 196
internal_value=-2.21354e-05 0.00343794 -0.00272517 0.0108373
internal_weight=31.2737 25.5728 19.0417 11.7879
internal_count=826 761 655 412
is_linear=0
shrinkage=0.05


Tree=179
num_leaves=5
num_cat=0
split_feature=128 125 136 125
split_gain=0.645327 1.5347 0.758021 0.688484
threshold=0.27500000596046453 0.085000000894069686 2.7212089300155644 0.014999999664723875
decision_type=2 2 2 2
left_child=-1 2 3 -2
right_child=1 -3 -4 -5
leaf_value=0.012723120717186268 -0.029649333557264887 0.017995750523807582 0.0025299598072479395 -0.0057109501615529093
leaf_weight=6.6389762947219451 5.2510575579945051 5.2496767393313339 7.0244539137929669 6.9490265460917726
leaf_count=276 139 124 87 200
internal_value=-2.41458e-05 -0.00384573 -0.0104049 -0.0174799
internal_weight=31.1132 24.4742 19.2245 12.2001
internal_count=826 550 426 339
is_linear=0
shrinkage=0.05


Tree=180
num_leaves=5
num_cat=0
split_feature=136 127 54 166
split_gain=0.615658 1.47044 1.94291 0.704087
threshold=6.8211069107055673 1001.5000000000001 0.012512531597167255 38.500000000000007
decision_type=2 2 2 2
left_child=1 2 -1 -4
right_child=-2 -3 3 -5
leaf_value=0.034158565420319413 -0.013902113791873586 -0.013999523931852269 -0.013023437132306349 0.0090677844037350876
leaf_weight=5.1253661089576878 5.4378133495338252 7.5780489364406085 5.136788451811297 7.7489825495285913
leaf_count=175 48 217 114 272
internal_value=-2.94217e-05 0.00333056 0.0109749 -4.23593e-05
internal_weight=31.027 25.5892 18.0111 12.8858
internal_count=826 778 561 386
is_linear=0
shrinkage=0.05


Tree=181
num_leaves=5
num_cat=0
split_feature=128 125 136 125
split_gain=0.576184 1.34853 0.733928 0.63937
threshold=0.27500000596046453 0.085000000894069686 2.7212089300155644 0.014999999664723875
decision_type=2 2 2 2
left_child=-1 2 3 -2
right_child=1 -3 -4 -5
leaf_value=0.012006748502523618 -0.028789796851115986 0.016767698367086376 0.0028279846850986024 -0.0055550477426282623
leaf_weight=6.641892748768444 5.1219800395192632 5.2633993498748159 6.9963103644549838 6.9139573852298781
leaf_count=276 139 124 87 200
internal_value=-2.5752e-05 -0.00365979 -0.00986407 -0.0168928
internal_weight=30.9375 24.2956 19.0322 12.0359
internal_count=826 550 426 339
is_linear=0
shrinkage=0.05


Tree=182
num_leaves=4
num_cat=0
split_feature=167 125 54
split_gain=0.616114 1.61292 0.94921
threshold=3.3347171545028691 0.024999999441206459 0.0021905223838984971
decision_type=2 2 2
left_child=2 -2 -1
right_child=1 -3 -4
leaf_value=0.0079224536391457167 -0.0091019387833119938 0.0194683958681948 -0.018061990268174229
leaf_weight=5.08018438331783 8.7110469454200956 9.2205396224162524 7.8455168101936579
leaf_count=80 237 288 221
internal_value=-3.16883e-05 0.00584146 -0.00801379
internal_weight=30.8573 17.9316 12.9257
internal_count=826 525 301
is_linear=0
shrinkage=0.05


Tree=183
num_leaves=5
num_cat=0
split_feature=129 159 37 129
split_gain=0.577767 0.972923 2.32758 0.795034
threshold=7.6449999809265146 1.0000000180025095e-35 0.89587974548339855 3.3349999189376835
decision_type=2 2 2 2
left_child=1 2 -1 -4
right_child=-2 -3 3 -5
leaf_value=-0.023229770724391474 -0.013301621999260516 0.018569291057449339 -0.0013496162114925402 0.023636235968435601
leaf_weight=7.2134609263157552 5.5597823299467555 6.4721885188482693 6.2653548755333759 5.2661269424716011
leaf_count=243 65 106 259 153
internal_value=-3.13782e-05 0.00329016 -0.00265864 0.0110364
internal_weight=30.7769 25.2171 18.7449 11.5315
internal_count=826 761 655 412
is_linear=0
shrinkage=0.05


Tree=184
num_leaves=4
num_cat=0
split_feature=167 0 122
split_gain=0.575202 1.02897 0.979682
threshold=3.3347171545028691 3.7256208658218388 12.829146862030031
decision_type=2 2 2
left_child=2 -2 -1
right_child=1 -3 -4
leaf_value=-0.018106367905668882 0.016778335072611891 -0.0061444575516763807 0.0083595984672133472
leaf_weight=7.7258357360260579 8.957462402526291 8.8572249260032532 5.0627481555566192
leaf_count=220 143 382 81
internal_value=-2.55895e-05 0.0056606 -0.0077826
internal_weight=30.6033 17.8147 12.7886
internal_count=826 525 301
is_linear=0
shrinkage=0.05


Tree=185
num_leaves=5
num_cat=0
split_feature=239 122 137 65
split_gain=0.575931 1.84576 1.67155 2.13694
threshold=23.98499965667725 11.345722675323488 2.3502402305603032 0.004183980869129301
decision_type=2 2 2 2
left_child=2 -2 3 -1
right_child=1 -3 -4 -5
leaf_value=-0.031203741470523877 -0.0079311458658980847 0.028302519159243346 0.015759049361121324 0.0083355802222094856
leaf_weight=7.3269062633626216 7.4713497660122794 5.1349889606353827 5.3981546824797979 5.2122061697300524
leaf_count=158 256 196 76 140
internal_value=-2.44525e-05 0.00782342 -0.00566182 -0.0153665
internal_weight=30.5436 12.6063 17.9373 12.5391
internal_count=826 452 374 298
is_linear=0
shrinkage=0.05


Tree=186
num_leaves=5
num_cat=0
split_feature=129 159 37 102
split_gain=0.544127 0.888564 2.23248 0.785771
threshold=7.6449999809265146 1.0000000180025095e-35 0.89587974548339855 7.9549999237060556
decision_type=2 2 2 2
left_child=1 2 -1 -4
right_child=-2 -3 3 -5
leaf_value=-0.022824138132573925 -0.012978107731996168 0.017871454709987987 0.021477678448984357 -0.0035380804008340243
leaf_weight=7.0903889109613454 5.4682226623408487 6.4196770978160194 6.3221014504670165 5.0637558149755932
leaf_count=243 65 106 216 196
internal_value=-6.16425e-06 0.00323418 -0.0025081 0.0109647
internal_weight=30.3641 24.8959 18.4762 11.3859
internal_count=826 761 655 412
is_linear=0
shrinkage=0.05


Tree=187
num_leaves=4
num_cat=0
split_feature=153 9 127
split_gain=0.593691 0.826177 1.33453
threshold=1.0000000180025095e-35 3.4221431016922002 528.50000000000011
decision_type=2 2 2
left_child=-1 -2 -3
right_child=1 2 -4
leaf_value=0.013135770134362436 -0.017465041830933004 -0.0097453386976337538 0.016252179969978828
leaf_weight=5.7822875070851323 6.5004064324311939 9.8591489809332433 8.073419754218774
leaf_count=131 143 248 304
internal_value=-8.57197e-06 -0.00351348 0.00219921
internal_weight=30.2153 24.433 17.9326
internal_count=826 695 552
is_linear=0
shrinkage=0.05


Tree=188
num_leaves=5
num_cat=0
split_feature=128 125 136 102
split_gain=0.583395 1.28953 0.727556 0.517485
threshold=0.27500000596046453 0.085000000894069686 2.7212089300155644 7.8550000190734872
decision_type=2 2 2 2
left_child=-1 2 3 -2
right_child=1 -3 -4 -5
leaf_value=0.012215013371741809 -0.026529659734521694 0.016426125699215574 0.0030083996487059558 -0.005238024545018323
leaf_weight=6.4891063397517454 5.7570572886616045 5.1506902514956883 6.7282717293128362 6.0053879373590462
leaf_count=276 90 124 87 249
internal_value=-6.2816e-06 -0.00372037 -0.00988712 -0.0169213
internal_weight=30.1305 23.6414 18.4907 11.7624
internal_count=826 550 426 339
is_linear=0
shrinkage=0.05


Tree=189
num_leaves=4
num_cat=0
split_feature=102 130 102
split_gain=0.569917 0.988152 1.07329
threshold=7.9649999141693124 6.2550001144409189 7.7950000762939462
decision_type=2 2 2
left_child=1 2 -1
right_child=-2 -3 -4
leaf_value=0.01289321288568171 0.012429151315307073 -0.02031039082659386 -0.010128229879320848
leaf_weight=9.8474908284843057 6.154586986929643 5.5277187861502162 8.5256017960491572
leaf_count=257 248 87 234
internal_value=-8.80851e-06 -0.00358217 0.00223927
internal_weight=30.0554 23.9008 18.3731
internal_count=826 578 491
is_linear=0
shrinkage=0.05


Tree=190
num_leaves=5
num_cat=0
split_feature=166 125 161 143
split_gain=0.5452 1.14019 0.971538 0.567373
threshold=38.500000000000007 0.034999999217689044 1.0000000180025095e-35 0.70500001311302196
decision_type=2 2 2 2
left_child=3 2 -2 -1
right_child=1 -3 -4 -5
leaf_value=-0.015585089424626167 0.0089464814179262952 0.020485821688322609 -0.018663825468277554 0.0048513643823648147
leaf_weight=7.5104118071030843 5.793955205066597 6.5975866254302664 5.0849871139507741 5.02167032728903
leaf_count=165 202 194 109 156
internal_value=-1.82708e-05 0.00556683 -0.00444376 -0.00764274
internal_weight=30.0086 17.4765 10.8789 12.5321
internal_count=826 505 311 321
is_linear=0
shrinkage=0.05


Tree=191
num_leaves=5
num_cat=0
split_feature=136 125 126 126
split_gain=0.554537 1.42706 2.74297 2.18301
threshold=6.8211069107055673 0.024999999441206459 2.2549999952316289 1.9600000381469729
decision_type=2 2 2 2
left_child=1 3 -3 -1
right_child=-2 2 -4 -5
leaf_value=0.01405083351191695 -0.013463982141501907 -0.013042963034730707 0.030752263017454796 -0.026662017990881488
leaf_weight=5.0162852210342006 5.1838751262985161 5.1661069218534967 8.0652849919570127 6.5094004727434367
leaf_count=150 48 189 243 196
internal_value=-1.89978e-05 0.00320967 0.0139378 -0.00923558
internal_weight=29.941 24.7571 13.2314 11.5257
internal_count=826 778 432 346
is_linear=0
shrinkage=0.05


Tree=192
num_leaves=4
num_cat=0
split_feature=65 167 125
split_gain=0.520834 0.801723 1.0995
threshold=0.00054763059597462427 3.3347171545028691 0.024999999441206459
decision_type=2 2 2
left_child=-1 -2 -3
right_child=1 2 -4
leaf_value=0.01284894428552291 -0.015542757612188885 -0.0095230656547647518 0.014702098808897288
leaf_weight=5.2935950807295766 7.7184732790337902 8.199684093124235 8.6026714519248326
leaf_count=84 224 234 284
internal_value=-3.4816e-05 -0.00321067 0.00300917
internal_weight=29.8144 24.5208 16.8024
internal_count=826 742 518
is_linear=0
shrinkage=0.05


Tree=193
num_leaves=5
num_cat=0
split_feature=128 239 137 141
split_gain=0.522039 0.873775 1.03494 1.12121
threshold=0.95499998331069957 39.425001144409187 2.3502402305603032 1.0000000180025095e-35
decision_type=2 2 2 2
left_child=1 2 3 -1
right_child=-2 -3 -4 -5
leaf_value=-0.023624983851800743 -0.012892767730041679 0.019644514205231625 0.011826042766511733 0.0053323187033561528
leaf_weight=6.3607848128303974 5.3180040435399851 5.1200385693227863 7.3865195373073211 5.5667276591993868
leaf_count=135 65 317 97 212
internal_value=-3.03906e-05 0.00316591 -0.00195447 -0.0107432
internal_weight=29.7521 24.4341 19.314 11.9275
internal_count=826 761 444 347
is_linear=0
shrinkage=0.05


Tree=194
num_leaves=4
num_cat=0
split_feature=166 0 143
split_gain=0.507013 1.15697 0.501088
threshold=38.500000000000007 3.7256208658218388 0.70500001311302196
decision_type=2 2 2
left_child=2 -2 -1
right_child=1 -3 -4
leaf_value=-0.014973781646464963 0.017510948073679495 -0.0071078823403353522 0.0043224203672455937
leaf_weight=7.3737657777965087 8.5625596316531318 8.7094066020508745 5.0193383160512894
leaf_count=165 110 395 156
internal_value=-3.04146e-05 0.00538728 -0.0074194
internal_weight=29.6651 17.272 12.3931
internal_count=826 505 321
is_linear=0
shrinkage=0.05


Tree=195
num_leaves=4
num_cat=0
split_feature=130 129 128
split_gain=0.496724 1.27032 1.20786
threshold=6.2550001144409189 3.620000004768372 0.27500000596046453
decision_type=2 2 2
left_child=1 2 -1
right_child=-2 -3 -4
leaf_value=0.011191928251376868 -0.0087119433128171522 0.022502847699934984 -0.016311576752704993
leaf_weight=6.4918842152692431 9.8308025748701748 5.6784587948350227 7.6256253445753828
leaf_count=276 145 222 183
internal_value=-3.01016e-05 0.00449296 -0.00376047
internal_weight=29.6268 19.796 14.1175
internal_count=826 681 459
is_linear=0
shrinkage=0.05


Tree=196
num_leaves=4
num_cat=0
split_feature=102 125 123
split_gain=0.504011 0.846631 0.979002
threshold=7.9649999141693124 0.054999999701976783 2.1399999856948857
decision_type=2 2 2
left_child=1 2 -1
right_child=-2 -3 -4
leaf_value=0.016009406924732413 0.011784049750281954 -0.016928527041041336 -0.0072058427448366815
leaf_weight=6.9374950863421061 6.0325179930950972 6.8793836020631707 9.6911889371112903
leaf_count=208 248 168 202
internal_value=-1.56924e-05 -0.00340095 0.0028383
internal_weight=29.5406 23.5081 16.6287
internal_count=826 578 410
is_linear=0
shrinkage=0.05


Tree=197
num_leaves=4
num_cat=0
split_feature=127 137 239
split_gain=0.484943 1.68414 0.79801
threshold=191.50000000000003 2.3502402305603032 23.954999923706058
decision_type=2 2 2
left_child=-1 2 -2
right_child=1 -3 -4
leaf_value=0.0088254573000945483 -0.028600068010864368 0.010903906166979815 -0.0022244769639703748
leaf_weight=9.3999160052044335 5.5715667016338575 9.098545481450854 5.412432802724652
leaf_count=239 156 93 338
internal_value=-1.02996e-05 -0.00436845 -0.0168735
internal_weight=29.4825 20.0825 10.984
internal_count=826 587 494
is_linear=0
shrinkage=0.05


Tree=198
num_leaves=4
num_cat=0
split_feature=166 0 143
split_gain=0.483699 1.11021 0.45748
threshold=38.500000000000007 3.7256208658218388 0.70500001311302196
decision_type=2 2 2
left_child=2 -2 -1
right_child=1 -3 -4
leaf_value=-0.014539776206042557 0.017218889350412461 -0.0069999299041955043 0.0039585379643504127
leaf_weight=7.2887546479469183 8.4774657902307826 8.6322824267845117 5.0159727858845145
leaf_count=165 110 395 156
internal_value=-3.07764e-05 0.0052881 -0.00726826
internal_weight=29.4145 17.1097 12.3047
internal_count=826 505 321
is_linear=0
shrinkage=0.05


Tree=199
num_leaves=5
num_cat=0
split_feature=102 125 90 54
split_gain=0.47128 0.781195 0.656478 0.564156
threshold=7.9649999141693124 0.054999999701976783 1.0000000180025095e-35 0.014710625633597376
decision_type=2 2 2 2
left_child=1 2 3 -1
right_child=-2 -3 -4 -5
leaf_value=-0.014878398054816742 0.011384449446376758 -0.016381096784152286 0.014770273743523205 0.0064032442976208167
leaf_weight=5.3875443347497001 6.0201865762646767 6.8079851183574638 5.9096703300019717 5.2518315054476261
leaf_count=80 248 168 162 168
internal_value=-3.05855e-05 -0.00331937 0.00268125 -0.00472572
internal_weight=29.3772 23.357 16.549 10.6394
internal_count=826 578 410 248
is_linear=0
shrinkage=0.05


Tree=200
num_leaves=4
num_cat=0
split_feature=166 0 143
split_gain=0.452634 1.00463 0.43042
threshold=38.500000000000007 3.7256208658218388 0.70500001311302196
decision_type=2 2 2
left_child=2 -2 -1
right_child=1 -3 -4
leaf_value=-0.014128776242618777 0.016462999790762097 -0.0066081535725740232 0.003844402071837344
leaf_weight=7.2417316962964851 8.4688848718069512 8.5928931055532285 5.0053763126488775
leaf_count=165 110 395 156
internal_value=-2.84921e-05 0.00512103 -0.00704746
internal_weight=29.3089 17.0618 12.2471
internal_count=826 505 321
is_linear=0
shrinkage=0.05


Tree=201
num_leaves=5
num_cat=0
split_feature=136 125 126 126
split_gain=0.497314 1.29257 2.42591 1.26251
threshold=6.8211069107055673 0.024999999441206459 2.2549999952316289 1.9750000238418581
decision_type=2 2 2 2
left_child=1 3 -3 -1
right_child=-2 2 -4 -5
leaf_value=0.0076261435986903206 -0.012945935515396462 -0.012465219656623384 0.029064447342576835 -0.023645303036752243
leaf_weight=5.4890978357871116 5.0167312989942721 5.0296518557006484 8.0089933956915029 5.7301784011651762
leaf_count=151 48 189 243 195
internal_value=-2.84744e-05 0.00304974 0.0132976 -0.00897355
internal_weight=29.2747 24.2579 13.0386 11.2193
internal_count=826 778 432 346
is_linear=0
shrinkage=0.05


Tree=202
num_leaves=4
num_cat=0
split_feature=130 159 37
split_gain=0.459016 1.29485 1.92434
threshold=6.2550001144409189 1.0000000180025095e-35 0.89587974548339855
decision_type=2 2 2
left_child=1 2 -1
right_child=-2 -3 -4
leaf_value=-0.021947357110182062 -0.008511487115747219 0.023186019473040501 0.012563986297484876
leaf_weight=6.6039047189988249 9.5827271589077991 5.3206577105447641 7.6680095944320783
leaf_count=229 145 72 380
internal_value=-4.98657e-05 0.00430107 -0.00379657
internal_weight=29.1753 19.5926 14.2719
internal_count=826 681 609
is_linear=0
shrinkage=0.05


Tree=203
num_leaves=4
num_cat=0
split_feature=66 127 42
split_gain=0.466125 0.820327 1.25131
threshold=0.00054763059597462427 535.50000000000011 0.23679754883050921
decision_type=2 2 2
left_child=-1 2 -2
right_child=1 -3 -4
leaf_value=0.012268789973042716 -0.027612225716304908 0.008497155585453612 0.0009575665147410784
leaf_weight=5.1646082669030902 5.166909308347388 8.7592367780453042 9.9562157532200199
leaf_count=84 142 325 275
internal_value=-4.10274e-05 -0.00308914 -0.00991066
internal_weight=29.047 23.8824 15.1231
internal_count=826 742 417
is_linear=0
shrinkage=0.05


Tree=204
num_leaves=4
num_cat=0
split_feature=127 167 54
split_gain=0.453786 1.17131 1.85338
threshold=1001.5000000000001 3.3347171545028691 0.078394200652837767
decision_type=2 2 2
left_child=1 -1 -3
right_child=-2 2 -4
leaf_value=-0.010584741593718928 -0.009555379462942654 0.032733505041288316 -0.0033036279721880904
leaf_weight=7.9175222031772199 7.9343298526946446 5.332718561665386 7.7978116762824357
leaf_count=176 234 257 159
internal_value=-5.11368e-05 0.0038025 0.0126129
internal_weight=28.9824 21.0481 13.1305
internal_count=826 592 416
is_linear=0
shrinkage=0.05


Tree=205
num_leaves=4
num_cat=0
split_feature=65 166 17
split_gain=0.44657 0.680295 0.856276
threshold=0.00054763059597462427 38.500000000000007 14.902483463287355
decision_type=2 2 2
left_child=-1 -2 -3
right_child=1 2 -4
leaf_value=0.012012038319185519 -0.014100849900048083 0.014349844833148296 -0.007661467226584371
leaf_weight=5.1604558788239983 7.9231477145804119 7.4985179314389816 8.2809254023595695
leaf_count=84 255 100 387
internal_value=-3.27303e-05 -0.00303519 0.00303031
internal_weight=28.863 23.7026 15.7794
internal_count=826 742 487
is_linear=0
shrinkage=0.05


Tree=206
num_leaves=4
num_cat=0
split_feature=130 159 166
split_gain=0.469256 1.23718 1.81475
threshold=6.2550001144409189 1.0000000180025095e-35 39.500000000000007
decision_type=2 2 2
left_child=1 2 -1
right_child=-2 -3 -4
leaf_value=-0.02221945438381381 -0.0086251598582450708 0.022909535010681152 0.011655474283451893
leaf_weight=6.1251736107515224 9.46785070968326 5.2734240498393765 7.9359411681944039
leaf_count=213 145 72 396
internal_value=-2.45113e-05 0.00440415 -0.00359634
internal_weight=28.8024 19.3345 14.0611
internal_count=826 681 609
is_linear=0
shrinkage=0.05


Tree=207
num_leaves=4
num_cat=0
split_feature=153 23 127
split_gain=0.435621 0.892779 1.22816
threshold=1.0000000180025095e-35 13.460419178009035 528.50000000000011
decision_type=2 2 2
left_child=-1 -2 -3
right_child=1 2 -4
leaf_value=0.01143423311605724 -0.017716736243501712 -0.0088449230062991029 0.016805890098627835
leaf_weight=5.5364034718368229 6.3275218846974921 9.2285292997257802 7.627163206547265
leaf_count=131 143 248 304
internal_value=-1.89911e-05 -0.00311386 0.00305318
internal_weight=28.7196 23.1832 16.8557
internal_count=826 695 552
is_linear=0
shrinkage=0.05


Tree=208
num_leaves=4
num_cat=0
split_feature=127 167 54
split_gain=0.456877 1.07543 1.69368
threshold=1001.5000000000001 3.3347171545028691 0.078394200652837767
decision_type=2 2 2
left_child=1 -1 -3
right_child=-2 2 -4
leaf_value=-0.010028345604346532 -0.0095800578496473832 0.031757358905900028 -0.0029202277129715113
leaf_weight=7.7892294474877479 7.8712849123403421 5.2391597335808893 7.7347098097670823
leaf_count=176 234 257 159
internal_value=-1.67697e-05 0.00388228 0.0123539
internal_weight=28.6344 20.7631 12.9739
internal_count=826 592 416
is_linear=0
shrinkage=0.05


Tree=209
num_leaves=4
num_cat=0
split_feature=130 128 128
split_gain=0.456909 1.16315 1.06417
threshold=6.2550001144409189 0.43500000238418585 0.27500000596046453
decision_type=2 2 2
left_child=1 2 -1
right_child=-2 -3 -4
leaf_value=0.010510683599017316 -0.0085187782899369575 0.021711043479066491 -0.015751273740436035
leaf_weight=6.2783167873858527 9.3847646604990569 5.56718067251495 7.2921834353473969
leaf_count=276 145 231 174
internal_value=8.37014e-08 0.00439316 -0.00371383
internal_weight=28.5224 19.1377 13.5705
internal_count=826 681 450
is_linear=0
shrinkage=0.05


Tree=210
num_leaves=4
num_cat=0
split_feature=127 137 12
split_gain=0.453449 1.57306 0.147058
threshold=191.50000000000003 2.3502402305603032 3.3068642616271977
decision_type=2 2 2
left_child=-1 2 -2
right_child=1 -3 -4
leaf_value=0.0086355026399414572 -0.022139214075747787 0.010709070424262807 -0.0080400085345051411
leaf_weight=9.1578274981584418 5.4576831076992693 8.7537278831005079 5.0741747631691396
leaf_count=239 168 93 326
internal_value=1.24598e-05 -0.00430607 -0.0166326
internal_weight=28.4434 19.2856 10.5319
internal_count=826 587 494
is_linear=0
shrinkage=0.05


Tree=211
num_leaves=4
num_cat=0
split_feature=65 130 131
split_gain=0.4573 0.769023 1.23384
threshold=0.00054763059597462427 6.2550001144409189 484.00000000000006
decision_type=2 2 2
left_child=-1 2 -2
right_child=1 -3 -4
leaf_value=0.012281790154086883 -0.0081925264804159539 -0.015540862938771058 0.01829177557007149
leaf_weight=5.0597187669482109 9.4966428643092566 7.2252592924050978 6.6072047492780248
leaf_count=84 244 122 376
internal_value=-8.44456e-06 -0.00306926 0.0031078
internal_weight=28.3888 23.3291 16.1038
internal_count=826 742 620
is_linear=0
shrinkage=0.05


Tree=212
num_leaves=4
num_cat=0
split_feature=102 130 102
split_gain=0.472256 0.696515 0.882918
threshold=7.9649999141693124 6.2550001144409189 7.7950000762939462
decision_type=2 2 2
left_child=1 2 -1
right_child=-2 -3 -4
leaf_value=0.011471036198814019 0.01166375084049634 -0.018009389406757569 -0.0098617429963598711
leaf_weight=9.4250680523691788 5.7481912565708617 5.028993642772547 8.0892471497063507
leaf_count=257 248 87 234
internal_value=2.77353e-06 -0.00333972 0.00161769
internal_weight=28.2915 22.5433 17.5143
internal_count=826 578 491
is_linear=0
shrinkage=0.05


Tree=213
num_leaves=4
num_cat=0
split_feature=102 136 123
split_gain=0.43329 0.701124 1.13972
threshold=7.9649999141693124 2.7212089300155644 2.1049998998641972
decision_type=2 2 2
left_child=1 2 -1
right_child=-2 -3 -4
leaf_value=0.0043657604483146933 0.011151079043261507 0.01107657701589723 -0.020385110068302917
leaf_weight=8.7227873752126559 5.7575725634233086 5.4688594699837259 8.3034408772364241
leaf_count=243 248 100 235
internal_value=-6.74331e-06 -0.00321563 -0.00816612
internal_weight=28.2527 22.4951 17.0262
internal_count=826 578 478
is_linear=0
shrinkage=0.05


Tree=214
num_leaves=4
num_cat=0
split_feature=127 137 239
split_gain=0.439565 1.48579 0.732076
threshold=191.50000000000003 2.3502402305603032 23.954999923706058
decision_type=2 2 2
left_child=-1 2 -2
right_child=1 -3 -4
leaf_value=0.0085049396103514165 -0.027893879030931792 0.010374887253613532 -0.0020233283109192066
leaf_weight=9.1094575874740276 5.228502085781658 8.6698677269741875 5.1752881650463678
leaf_count=239 156 93 338
internal_value=2.4807e-06 -0.00427964 -0.0163307
internal_weight=28.1831 19.0737 10.4038
internal_count=826 587 494
is_linear=0
shrinkage=0.05


Tree=215
num_leaves=5
num_cat=0
split_feature=102 132 128 239
split_gain=0.414389 0.673058 0.943936 0.836164
threshold=7.9649999141693124 1.0000000180025095e-35 0.35500000417232519 23.864999771118168
decision_type=2 2 2 2
left_child=1 2 -1 -3
right_child=-2 3 -4 -5
leaf_value=0.0029198036231329262 0.010895298190065378 0.017991956576214118 -0.025154318081578732 -0.0068851887390640968
leaf_weight=5.44268060883042 5.7487897791143032 5.3240663721226138 5.185688971017953 6.4193933103233576
leaf_count=231 248 112 187 48
internal_value=-1.91254e-05 -0.00316993 -0.0117631 0.00492005
internal_weight=28.1206 22.3718 10.6284 11.7435
internal_count=826 578 418 160
is_linear=0
shrinkage=0.05


Tree=216
num_leaves=4
num_cat=0
split_feature=36 212 138
split_gain=0.417139 0.993509 0.412497
threshold=0.89587974548339855 1.0000000180025095e-35 1.0000000180025095e-35
decision_type=2 2 2
left_child=2 -2 -1
right_child=1 -3 -4
leaf_value=-0.014523509323726964 0.016652770593307272 -0.0067830934558730811 0.0032310545018596837
leaf_weight=6.4389062726404536 8.003318764269352 8.2643264480866492 5.2990416036918759
leaf_count=236 127 395 68
internal_value=-2.05846e-05 0.0050435 -0.00688388
internal_weight=28.0056 16.2676 11.7379
internal_count=826 522 304
is_linear=0
shrinkage=0.05


Tree=217
num_leaves=4
num_cat=0
split_feature=127 137 239
split_gain=0.443594 1.34148 0.683995
threshold=191.50000000000003 2.3502402305603032 23.954999923706058
decision_type=2 2 2
left_child=-1 2 -2
right_child=1 -3 -4
leaf_value=0.0085473050990236416 -0.027273968185693939 0.0095895128062271212 -0.0020949623065632224
leaf_weight=9.0364899873966369 5.0845787472790125 8.6375268129631859 5.1688490893284325
leaf_count=239 156 93 338
internal_value=-2.31609e-05 -0.00434644 -0.0158951
internal_weight=27.9274 18.891 10.2534
internal_count=826 587 494
is_linear=0
shrinkage=0.05


Tree=218
num_leaves=5
num_cat=0
split_feature=153 23 130 122
split_gain=0.442572 0.800816 0.606521 0.75135
threshold=1.0000000180025095e-35 13.460419178009035 6.2550001144409189 10.396244049072267
decision_type=2 2 2 2
left_child=-1 -2 3 -3
right_child=1 2 -4 -5
leaf_value=0.011717673117944305 -0.017103635468843779 -0.0039504716240946116 -0.0089406566553319571 0.021326623532713307
leaf_weight=5.3101793869864222 6.2088299954193671 5.0049591853749025 6.0312892384827128 5.3149497808190063
leaf_count=131 143 160 117 275
internal_value=-4.38787e-05 -0.00319216 0.00277155 0.00980168
internal_weight=27.8702 22.56 16.3512 10.3199
internal_count=826 695 552 435
is_linear=0
shrinkage=0.05


Tree=219
num_leaves=4
num_cat=0
split_feature=127 137 239
split_gain=0.4214 1.2209 0.659115
threshold=191.50000000000003 2.3502402305603032 23.954999923706058
decision_type=2 2 2
left_child=-1 2 -2
right_child=1 -3 -4
leaf_value=0.0083096838700317671 -0.02662515684705178 0.0090316834962542673 -0.0018303537279167909
leaf_weight=9.0283195731462929 5.0057584397727641 8.6004192968830449 5.1270492415642366
leaf_count=239 156 93 338
internal_value=-3.75089e-05 -0.00427761 -0.0153707
internal_weight=27.7615 18.7332 10.1328
internal_count=826 587 494
is_linear=0
shrinkage=0.05


Tree=220
num_leaves=4
num_cat=0
split_feature=122 167 42
split_gain=0.432854 0.981669 0.82916
threshold=12.788913726806642 6.4311306476593026 0.23679754883050921
decision_type=2 2 2
left_child=1 2 -1
right_child=-2 -3 -4
leaf_value=-0.018264340679288966 0.010135657665654791 0.0126433818680525 0.0048591326015734095
leaf_weight=9.7572932039620408 6.7139919370238195 5.7218542715418144 5.5149221289902917
leaf_count=335 128 226 137
internal_value=-5.72886e-05 -0.00362966 -0.0101288
internal_weight=27.7081 20.9941 15.2722
internal_count=826 698 472
is_linear=0
shrinkage=0.05


Tree=221
num_leaves=4
num_cat=0
split_feature=102 136 123
split_gain=0.423938 0.610416 1.01898
threshold=7.9649999141693124 2.7212089300155644 2.1049998998641972
decision_type=2 2 2
left_child=1 2 -1
right_child=-2 -3 -4
leaf_value=0.0039628401459302588 0.011083882705681043 0.010244914948247967 -0.019670773242295839
leaf_weight=8.6395780731691136 5.647977609827648 5.3365844585932782 8.0458878985373286
leaf_count=243 248 100 235
internal_value=-3.96348e-05 -0.00325 -0.00790138
internal_weight=27.67 22.0221 16.6855
internal_count=826 578 478
is_linear=0
shrinkage=0.05


Tree=222
num_leaves=4
num_cat=0
split_feature=166 3 239
split_gain=0.414681 1.0009 0.607598
threshold=38.500000000000007 3.7256208658218388 23.564999580383304
decision_type=2 2 2
left_child=2 -2 -1
right_child=1 -3 -4
leaf_value=-0.017190873768799048 0.016804748539440629 -0.0068484134452751547 0.0043021187626807863
leaf_weight=5.7541498709470051 7.8704769248142865 8.1972986198670679 5.7842671581311151
leaf_count=158 110 395 163
internal_value=-2.94966e-05 0.00504338 -0.00693253
internal_weight=27.6062 16.0678 11.5384
internal_count=826 505 321
is_linear=0
shrinkage=0.05


Tree=223
num_leaves=4
num_cat=0
split_feature=153 9 127
split_gain=0.406414 0.744689 1.08531
threshold=1.0000000180025095e-35 3.4221431016922002 528.50000000000011
decision_type=2 2 2
left_child=-1 -2 -3
right_child=1 2 -4
leaf_value=0.011275868255326931 -0.0165997767894451 -0.0086542619281897073 0.015900369495942999
leaf_weight=5.261113854590806 6.1018180825049084 8.8902591972146201 7.2956848025205536
leaf_count=131 143 248 304
internal_value=-3.42409e-05 -0.00307359 0.00269473
internal_weight=27.5489 22.2878 16.1859
internal_count=826 695 552
is_linear=0
shrinkage=0.05


Tree=224
num_leaves=3
num_cat=0
split_feature=127 137
split_gain=0.427442 1.15865
threshold=191.50000000000003 2.3502402305603032
decision_type=2 2
left_child=-1 -2
right_child=1 -3
leaf_value=0.0084163979974199374 -0.015199033762304345 0.0086859776649766598
leaf_weight=8.9319370581069979 10.005623806297082 8.5340762101113778
leaf_count=239 494 93
internal_value=-3.05897e-05 -0.00432259
internal_weight=27.4716 18.5397
internal_count=826 587
is_linear=0
shrinkage=0.05


Tree=225
num_leaves=4
num_cat=0
split_feature=127 166 130
split_gain=0.40207 1.06828 0.760606
threshold=1001.5000000000001 54.000000000000007 2.9550000429153447
decision_type=2 2 2
left_child=1 2 -1
right_child=-2 -3 -4
leaf_value=0.0079842435698567818 -0.0092848646523908292 0.019376742412846176 -0.01406448328179471
leaf_weight=6.3165661541279459 7.3854693662142372 6.1772929439903228 7.5602834320161492
leaf_count=164 234 269 159
internal_value=-2.68678e-05 0.00366169 -0.00416612
internal_weight=27.4396 20.0541 13.8768
internal_count=826 592 323
is_linear=0
shrinkage=0.05


Tree=226
num_leaves=4
num_cat=0
split_feature=122 102 167
split_gain=0.410343 0.897814 0.491697
threshold=12.788913726806642 7.7950000762939462 3.3347171545028691
decision_type=2 2 2
left_child=1 -1 -3
right_child=-2 2 -4
leaf_value=0.0095985561269456374 0.0099602749518277727 -0.021907129809191926 -0.0027465500465345075
leaf_weight=7.4490186743205475 6.6284435034322078 5.0308697631116948 8.2892587520764192
leaf_count=212 128 143 343
internal_value=-1.94624e-05 -0.00351571 -0.0110078
internal_weight=27.3976 20.7691 13.3201
internal_count=826 698 486
is_linear=0
shrinkage=0.05


Tree=227
num_leaves=4
num_cat=0
split_feature=239 212 136
split_gain=0.419571 0.922366 1.38142
threshold=23.534999847412113 1.0000000180025095e-35 6.3758471012115487
decision_type=2 2 2
left_child=-1 2 -2
right_child=1 -3 -4
leaf_value=-0.0088210075631417386 0.027319049767205839 -0.0082981196824665083 -0.0060173164868561639
leaf_weight=8.2782262051478046 6.0311894621700048 8.0115062251861673 5.0305031249299645
leaf_count=198 176 393 59
internal_value=-2.906e-05 0.0040362 0.0129168
internal_weight=27.3514 19.0732 11.0617
internal_count=826 628 235
is_linear=0
shrinkage=0.05


Tree=228
num_leaves=4
num_cat=0
split_feature=166 0 239
split_gain=0.405753 0.973249 0.563518
threshold=38.500000000000007 3.7256208658218388 23.564999580383304
decision_type=2 2 2
left_child=2 -2 -1
right_child=1 -3 -4
leaf_value=-0.016811070042801086 0.016743851066591844 -0.0067032704046735211 0.0039947622683486955
leaf_weight=5.6847403631545621 7.7327981931157401 8.1535016839916334 5.7380018508993089
leaf_count=158 110 395 163
internal_value=-2.11469e-05 0.00502551 -0.00687939
internal_weight=27.309 15.8863 11.4227
internal_count=826 505 321
is_linear=0
shrinkage=0.05


Tree=229
num_leaves=4
num_cat=0
split_feature=127 166 127
split_gain=0.385131 0.979775 0.727425
threshold=1001.5000000000001 54.000000000000007 195.00000000000003
decision_type=2 2 2
left_child=1 2 -1
right_child=-2 -3 -4
leaf_value=0.0075766427618350193 -0.0091081329588471299 0.018666135116725727 -0.014012581110629356
leaf_weight=6.5350200738757902 7.3423355778213582 6.1488223499036385 7.227080165350344
leaf_count=158 234 269 165
internal_value=-2.60037e-05 0.00359852 -0.00394202
internal_weight=27.2533 19.9109 13.7621
internal_count=826 592 323
is_linear=0
shrinkage=0.05


Tree=230
num_leaves=5
num_cat=0
split_feature=129 159 37 42
split_gain=0.381317 1.36992 1.76922 0.000745913
threshold=7.4549999237060556 1.0000000180025095e-35 0.89587974548339855 0.2315420135855675
decision_type=2 2 2 2
left_child=1 2 -1 -4
right_child=-2 -3 3 -5
leaf_value=-0.022724430676939709 -0.010703382268633916 0.023180242606416684 0.005597120166786252 0.010514382767103271
leaf_weight=6.5271366541856048 5.4948876703856504 5.1781732728704801 5.010151921043871 5.0059497322072275
leaf_count=242 85 91 145 263
internal_value=-2.01022e-05 0.00303459 -0.00423306 0.00878608
internal_weight=27.2163 21.7214 16.5432 10.0161
internal_count=826 741 650 408
is_linear=0
shrinkage=0.05


Tree=231
num_leaves=4
num_cat=0
split_feature=122 167 42
split_gain=0.382673 0.777824 0.743213
threshold=12.788913726806642 6.4311306476593026 0.23679754883050921
decision_type=2 2 2
left_child=1 2 -1
right_child=-2 -3 -4
leaf_value=-0.017169185350844073 0.0096879199497723889 0.011056544071641855 0.0049322347540504885
leaf_weight=9.4337675836286561 6.5356818091240703 5.710964724130462 5.410178209654986
leaf_count=335 128 226 137
internal_value=-1.13072e-05 -0.00340167 -0.00931099
internal_weight=27.0906 20.5549 14.8439
internal_count=826 698 472
is_linear=0
shrinkage=0.05


Tree=232
num_leaves=4
num_cat=0
split_feature=102 136 123
split_gain=0.383319 0.598696 0.930789
threshold=7.9649999141693124 2.7212089300155644 2.1049998998641972
decision_type=2 2 2
left_child=1 2 -1
right_child=-2 -3 -4
leaf_value=0.0037021534163434264 0.01068933295147393 0.010469115691150936 -0.01908714465429278
leaf_weight=8.5079716738546356 5.5112866319832383 5.1695523294620207 7.8699915554607278
leaf_count=243 248 100 235
internal_value=3.14432e-06 -0.00308296 -0.00771683
internal_weight=27.0588 21.5475 16.378
internal_count=826 578 478
is_linear=0
shrinkage=0.05


Tree=233
num_leaves=4
num_cat=0
split_feature=129 159 37
split_gain=0.370915 1.26652 1.64451
threshold=7.4549999237060556 1.0000000180025095e-35 0.89587974548339855
decision_type=2 2 2
left_child=1 2 -1
right_child=-2 -3 -4
leaf_value=-0.022033661006174689 -0.010553727426252421 0.02236867647859192 0.0085271438519360747
leaf_weight=6.4067159709520718 5.4574161994969463 5.1826634446624658 9.9509577253775205
leaf_count=242 85 91 408
internal_value=1.18406e-05 0.00303817 -0.00402224
internal_weight=26.9978 21.5403 16.3577
internal_count=826 741 650
is_linear=0
shrinkage=0.05


Tree=234
num_leaves=4
num_cat=0
split_feature=153 9 127
split_gain=0.390165 0.652692 1.13544
threshold=1.0000000180025095e-35 3.4221431016922002 528.50000000000011
decision_type=2 2 2
left_child=-1 -2 -3
right_child=1 2 -4
leaf_value=0.011239864315210811 -0.015855264064945182 -0.0091897490248801332 0.016146770674589573
leaf_weight=5.0970516151282963 5.9076631543575813 8.7683858273085189 7.1083949715539338
leaf_count=131 143 248 304
internal_value=5.83145e-06 -0.00300062 0.00243858
internal_weight=26.8815 21.7844 15.8768
internal_count=826 695 552
is_linear=0
shrinkage=0.05


Tree=235
num_leaves=4
num_cat=0
split_feature=166 0 239
split_gain=0.363617 0.945511 0.547592
threshold=38.500000000000007 3.7256208658218388 23.564999580383304
decision_type=2 2 2
left_child=2 -2 -1
right_child=1 -3 -4
leaf_value=-0.016490078291699895 0.016432006582097071 -0.0068277481021146932 0.0042040486030085122
leaf_weight=5.5306632129941153 7.6221834514290085 8.0248914787662198 5.6288329272647388
leaf_count=158 110 395 163
internal_value=8.51877e-06 0.00480926 -0.00656468
internal_weight=26.8066 15.6471 11.1595
internal_count=826 505 321
is_linear=0
shrinkage=0.05


Tree=236
num_leaves=4
num_cat=0
split_feature=129 159 37
split_gain=0.378046 1.2031 1.49319
threshold=7.4549999237060556 1.0000000180025095e-35 0.89587974548339855
decision_type=2 2 2
left_child=1 2 -1
right_child=-2 -3 -4
leaf_value=-0.021282995205986938 -0.010667903507993131 0.021962792054082411 0.0080494228271711949
leaf_weight=6.2420270891161715 5.4415520471520713 5.1458110457751891 9.9244996928609908
leaf_count=242 85 91 408
internal_value=2.34935e-06 0.00308274 -0.00385612
internal_weight=26.7539 21.3123 16.1665
internal_count=826 741 650
is_linear=0
shrinkage=0.05


Tree=237
num_leaves=4
num_cat=0
split_feature=122 167 3
split_gain=0.37732 0.750904 1.45958
threshold=12.788913726806642 3.3347171545028691 3.7256208658218388
decision_type=2 2 2
left_child=1 -1 -3
right_child=-2 2 -4
leaf_value=-0.015940456319227289 0.0097217740800415817 0.019686925627001212 -0.011047150381599053
leaf_weight=6.6679753080825384 6.3978012037987346 6.233380889054386 7.345090941991657
leaf_count=220 128 133 345
internal_value=-3.53478e-06 -0.00338962 0.00344436
internal_weight=26.6442 20.2464 13.5785
internal_count=826 698 478
is_linear=0
shrinkage=0.05


Tree=238
num_leaves=5
num_cat=0
split_feature=153 9 102 239
split_gain=0.36445 0.586118 0.748809 0.115459
threshold=1.0000000180025095e-35 3.5161644220352177 7.9449999332427987 23.805000305175785
decision_type=2 2 2 2
left_child=-1 3 -3 -2
right_child=1 2 -4 -5
leaf_value=0.010878450380233702 -0.015723905844730414 0.016833192516117045 -0.0072424727289258908 -0.0043979744687062949
leaf_weight=5.0648354116128784 5.2189934850903246 5.3904463736107555 5.6876620646798983 5.2153568359208293
leaf_count=131 102 192 218 183
internal_value=-3.4208e-07 -0.00293106 0.00489616 -0.0109426
internal_weight=26.5773 21.5125 11.0781 10.4344
internal_count=826 695 410 285
is_linear=0
shrinkage=0.05


Tree=239
num_leaves=4
num_cat=0
split_feature=130 128 128
split_gain=0.354683 1.22443 0.965799
threshold=6.2550001144409189 0.43500000238418585 0.27500000596046453
decision_type=2 2 2
left_child=1 2 -1
right_child=-2 -3 -4
leaf_value=0.009620022208491728 -0.0078128648526114685 0.022571425622220878 -0.016049628279230288
leaf_weight=5.8851158032193833 8.6265632077702303 5.058414741215528 6.9619053832720965
leaf_count=276 145 231 174
internal_value=-5.31544e-07 0.0039775 -0.00444505
internal_weight=26.532 17.9054 12.847
internal_count=826 681 450
is_linear=0
shrinkage=0.05


Tree=240
num_leaves=5
num_cat=0
split_feature=102 102 123 122
split_gain=0.366835 0.587557 0.686549 0.488728
threshold=7.9649999141693124 7.7950000762939462 2.1399999856948857 10.289436340332033
decision_type=2 2 2 2
left_child=1 2 -1 -3
right_child=-2 3 -4 -5
leaf_value=0.016628495448286217 0.010522484804032535 -0.019772484363570385 -0.007141530650934768 0.00070630432065578691
leaf_weight=5.191961380769504 5.4278350510285227 5.6103946212097053 5.1365703819319606 5.0900155821582302
leaf_count=146 248 212 128 92
internal_value=1.35767e-05 -0.00305344 0.00522031 -0.0108033
internal_weight=26.4568 21.0289 10.3285 10.7004
internal_count=826 578 274 304
is_linear=0
shrinkage=0.05


Tree=241
num_leaves=4
num_cat=0
split_feature=127 167 54
split_gain=0.367565 0.899404 1.01691
threshold=1001.5000000000001 3.3347171545028691 0.10783203691244127
decision_type=2 2 2
left_child=1 -1 -3
right_child=-2 2 -4
leaf_value=-0.0095419349363550787 -0.0090046484409775085 0.024652730142839693 -0.0028771052758681344
leaf_weight=7.2406460490310627 7.0846119953785083 5.984960633562876 6.0939166317693889
leaf_count=176 234 290 126
internal_value=1.30494e-05 0.00360032 0.0116056
internal_weight=26.4041 19.3195 12.0789
internal_count=826 592 416
is_linear=0
shrinkage=0.05


Tree=242
num_leaves=4
num_cat=0
split_feature=239 132 9
split_gain=0.360207 0.839523 0.803245
threshold=23.534999847412113 0.89587974548339855 3.5161644220352177
decision_type=2 2 2
left_child=-1 2 -2
right_child=1 -3 -4
leaf_value=-0.0082930288536518446 -0.0012491013483416093 -0.0078449204840901742 0.025089436397918715
leaf_weight=7.9279645017813918 5.3467331241117808 7.9580090064555398 5.0879287467978429
leaf_count=198 221 79 328
internal_value=1.83104e-05 0.00384373 0.0126646
internal_weight=26.3206 18.3927 10.4347
internal_count=826 628 549
is_linear=0
shrinkage=0.05


Tree=243
num_leaves=4
num_cat=0
split_feature=129 159 37
split_gain=0.356312 1.18112 1.44369
threshold=7.4549999237060556 1.0000000180025095e-35 0.89587974548339855
decision_type=2 2 2
left_child=1 2 -1
right_child=-2 -3 -4
leaf_value=-0.02109844564741039 -0.010435122847156225 0.021861433348102297 0.0079611687168637726
leaf_weight=6.160995479091075 5.3146688343258566 5.0657230278011403 9.7068732035404537
leaf_count=242 85 91 408
internal_value=3.17233e-05 0.00304368 -0.00390367
internal_weight=26.2483 20.9336 15.8679
internal_count=826 741 650
is_linear=0
shrinkage=0.05


Tree=244
num_leaves=4
num_cat=0
split_feature=122 102 132
split_gain=0.35041 0.894667 0.402445
threshold=12.788913726806642 7.7950000762939462 0.89587974548339855
decision_type=2 2 2
left_child=1 -1 -3
right_child=-2 2 -4
leaf_value=0.010101310565807885 0.0094441638479615224 -0.0023433215055385747 -0.019845839952689608
leaf_weight=7.0829260739265072 6.3082387745089354 7.1558867702260596 5.5948895891197026
leaf_count=212 128 430 56
internal_value=2.48826e-05 -0.00328049 -0.010908
internal_weight=26.1419 19.8337 12.7508
internal_count=826 698 486
is_linear=0
shrinkage=0.05


Tree=245
num_leaves=4
num_cat=0
split_feature=239 0 136
split_gain=0.352968 0.809108 0.910709
threshold=23.534999847412113 3.7256208658218388 3.270515084266663
decision_type=2 2 2
left_child=-1 2 -2
right_child=1 -3 -4
leaf_value=-0.008237405244090933 0.024555170961061482 -0.0079964947549850934 -0.0031549757870105409
leaf_weight=7.8663149855565306 5.5809985614032502 7.6372357854852444 5.0273525672964752
leaf_count=198 169 393 66
internal_value=1.76437e-05 0.00381977 0.0122827
internal_weight=26.1119 18.2456 10.6084
internal_count=826 628 235
is_linear=0
shrinkage=0.05


Tree=246
num_leaves=4
num_cat=0
split_feature=166 125 122
split_gain=0.366375 0.885189 0.285206
threshold=38.500000000000007 0.034999999217689044 11.447404861450197
decision_type=2 2 2
left_child=2 -2 -1
right_child=1 -3 -4
leaf_value=-0.013928580644053366 -0.0045959723051263515 0.01873467641973893 0.0013580553281574664
leaf_weight=5.3121330130961741 9.3788347235531528 5.7978479095618232 5.5935727120377123
leaf_count=202 311 194 119
internal_value=2.54788e-05 0.00492404 -0.0066325
internal_weight=26.0824 15.1767 10.9057
internal_count=826 505 321
is_linear=0
shrinkage=0.05


Tree=247
num_leaves=4
num_cat=0
split_feature=129 141 127
split_gain=0.364273 0.864176 1.07415
threshold=7.4549999237060556 1.0000000180025095e-35 598.50000000000011
decision_type=2 2 2
left_child=1 2 -1
right_child=-2 -3 -4
leaf_value=-0.013485518812251763 -0.010585444485112802 0.017387045001233968 0.01272188313736791
leaf_weight=9.2408885200857238 5.2772907834732896 6.1430267756222738 5.3723071801941833
leaf_count=143 85 461 137
internal_value=2.63476e-05 0.00308694 -0.00365306
internal_weight=26.0335 20.7562 14.6132
internal_count=826 741 280
is_linear=0
shrinkage=0.05


Tree=248
num_leaves=4
num_cat=0
split_feature=167 125 123
split_gain=0.356113 0.684041 1.13765
threshold=3.0310379266738896 0.044999999925494201 2.1650000810623173
decision_type=2 2 2
left_child=-1 2 -2
right_child=1 -3 -4
leaf_value=-0.009404544140243852 0.014147452501053148 0.016046563624040288 -0.013623884312195484
leaf_weight=6.3634288508328636 5.0664722527144503 6.070044116000644 8.4746210727607814
leaf_count=172 222 212 220
internal_value=3.50036e-05 0.00340563 -0.00297474
internal_weight=25.9746 19.6111 13.5411
internal_count=826 654 442
is_linear=0
shrinkage=0.05


Tree=249
num_leaves=4
num_cat=0
split_feature=166 0 122
split_gain=0.353896 0.895507 0.279317
threshold=38.500000000000007 3.7256208658218388 11.447404861450197
decision_type=2 2 2
left_child=2 -2 -1
right_child=1 -3 -4
leaf_value=-0.013728689877875131 0.016354229893553614 -0.0066798463086902675 0.0014072449216123589
leaf_weight=5.2977512727957237 7.350568817695601 7.7043558666482568 5.5807676736731082
leaf_count=202 110 395 119
internal_value=4.54543e-05 0.00488469 -0.00649905
internal_weight=25.9334 15.0549 10.8785
internal_count=826 505 321
is_linear=0
shrinkage=0.05


Tree=250
num_leaves=4
num_cat=0
split_feature=129 159 37
split_gain=0.345063 1.08452 1.42923
threshold=7.4549999237060556 1.0000000180025095e-35 0.89587974548339855
decision_type=2 2 2
left_child=1 2 -1
right_child=-2 -3 -4
leaf_value=-0.02093748882735735 -0.010333311690673877 0.021049210665734706 0.0081798594682036506
leaf_weight=6.0689592546550601 5.2297314917668691 5.0449290745891622 9.5318688261031639
leaf_count=242 85 91 408
internal_value=3.75874e-05 0.00302064 -0.00372614
internal_weight=25.8755 20.6458 15.6008
internal_count=826 741 650
is_linear=0
shrinkage=0.05


Tree=251
num_leaves=4
num_cat=0
split_feature=166 0 122
split_gain=0.33023 0.834114 0.273023
threshold=38.500000000000007 3.7256208658218388 11.447404861450197
decision_type=2 2 2
left_child=2 -2 -1
right_child=1 -3 -4
leaf_value=-0.013504440424876056 0.015765122085194826 -0.0064924582268532302 0.0015166412124108237
leaf_weight=5.2468411001609656 7.3443317466881108 7.6669758266652934 5.5143209451343864
leaf_count=202 110 395 119
internal_value=2.98525e-05 0.00470164 -0.00633273
internal_weight=25.7725 15.0113 10.7612
internal_count=826 505 321
is_linear=0
shrinkage=0.05


Tree=252
num_leaves=4
num_cat=0
split_feature=130 128 128
split_gain=0.333086 1.06344 0.839617
threshold=6.2550001144409189 0.42499999701976782 0.27500000596046453
decision_type=2 2 2
left_child=1 2 -1
right_child=-2 -3 -4
leaf_value=0.0090570605882676833 -0.0076555716897735125 0.021224903824368674 -0.015280657664290286
leaf_weight=5.7220500705880166 8.3579260339029116 5.0195642264152402 6.6176500447327271
leaf_count=276 145 243 162
internal_value=2.25963e-05 0.00393502 -0.00416206
internal_weight=25.7172 17.3593 12.3397
internal_count=826 681 438
is_linear=0
shrinkage=0.05


Tree=253
num_leaves=4
num_cat=0
split_feature=167 127 127
split_gain=0.332718 0.527937 0.9368
threshold=3.0310379266738896 535.50000000000011 191.50000000000003
decision_type=2 2 2
left_child=-1 2 -2
right_child=1 -3 -4
leaf_value=-0.0091454105849757186 0.0091458168893360347 0.013627696268867787 -0.016265901886412977
leaf_weight=6.2755725228926194 6.8726599975489098 6.7387855390843461 5.7633065773989074
leaf_count=172 174 315 165
internal_value=3.4309e-05 0.00331059 -0.00278744
internal_weight=25.6503 19.3748 12.636
internal_count=826 654 339
is_linear=0
shrinkage=0.05


Tree=254
num_leaves=4
num_cat=0
split_feature=136 9 123
split_gain=0.317533 0.464151 0.461112
threshold=2.7212089300155644 2.6740521192550664 2.9450000524520878
decision_type=2 2 2
left_child=1 -1 -3
right_child=-2 2 -4
leaf_value=0.0075928315748650891 0.0089504236191110496 -0.016255963707226911 0.0015667687972693971
leaf_weight=5.9596392454113873 6.3233486756216726 6.9505554758361523 6.3806911040737759
leaf_count=163 115 305 243
internal_value=2.66901e-05 -0.00319536 -0.00821144
internal_weight=25.6142 19.2909 13.3312
internal_count=826 711 548
is_linear=0
shrinkage=0.05


Tree=255
num_leaves=3
num_cat=0
split_feature=239 125
split_gain=0.337856 0.687414
threshold=23.534999847412113 0.034999999217689044
decision_type=2 2
left_child=-1 -2
right_child=1 -3
leaf_value=-0.0081285092129054718 -0.0055124114268598826 0.013152715141067309
leaf_weight=7.697016647784042 9.1950341424671951 8.7042019573855196
leaf_count=198 375 253
internal_value=2.79589e-05 0.00377991
internal_weight=25.5963 17.8992
internal_count=826 628
is_linear=0
shrinkage=0.05


Tree=256
num_leaves=4
num_cat=0
split_feature=127 166 126
split_gain=0.330411 0.895789 0.255637
threshold=1001.5000000000001 39.500000000000007 3.1900000572204594
decision_type=2 2 2
left_child=1 2 -1
right_child=-2 -3 -4
leaf_value=0.0019685008826494719 -0.0086659423300383086 0.015493851340367328 -0.012374647769816919
leaf_weight=5.5271819529589319 6.8315315498039118 7.7549136292072935 5.461613702471368
leaf_count=135 234 317 140
internal_value=2.51474e-05 0.00347128 -0.00559785
internal_weight=25.5752 18.7437 10.9888
internal_count=826 592 275
is_linear=0
shrinkage=0.05


Tree=257
num_leaves=4
num_cat=0
split_feature=129 159 37
split_gain=0.324874 1.03157 1.36459
threshold=7.4549999237060556 1.0000000180025095e-35 0.89587974548339855
decision_type=2 2 2
left_child=1 2 -1
right_child=-2 -3 -4
leaf_value=-0.020660995537297892 -0.010103656503677619 0.02053233208572498 0.0079832266224647824
leaf_weight=5.9676646754378497 5.1583001805702215 5.0160774181131265 9.4084629736025818
leaf_count=242 85 91 408
internal_value=1.64584e-05 0.00292903 -0.00371674
internal_weight=25.5505 20.3922 15.3761
internal_count=826 741 650
is_linear=0
shrinkage=0.05


Tree=258
num_leaves=4
num_cat=0
split_feature=122 102 132
split_gain=0.323313 0.868084 0.359882
threshold=12.788913726806642 7.7950000762939462 0.89587974548339855
decision_type=2 2 2
left_child=1 -1 -3
right_child=-2 2 -4
leaf_value=0.010151033592310761 0.0091531025801306724 -0.0025867065591179579 -0.019412242087842618
leaf_weight=6.8737317650811809 6.1492439144640221 7.0222148697939684 5.406584220007062
leaf_count=212 128 430 56
internal_value=9.33771e-06 -0.00321097 -0.0108064
internal_weight=25.4518 19.3025 12.4288
internal_count=826 698 486
is_linear=0
shrinkage=0.05


Tree=259
num_leaves=4
num_cat=0
split_feature=136 127 123
split_gain=0.324941 0.852586 0.594917
threshold=2.7212089300155644 1001.5000000000001 1.7150000333786013
decision_type=2 2 2
left_child=1 2 -1
right_child=-2 -3 -4
leaf_value=-0.0070201647776704963 0.009057987747569194 -0.018560832781948245 0.012455849268329724
leaf_weight=6.5091030546464079 6.2776321666315189 5.3011287486879146 7.3350414194574114
leaf_count=199 115 199 313
internal_value=2.70162e-06 -0.00326872 0.00344276
internal_weight=25.4229 19.1453 13.8441
internal_count=826 711 512
is_linear=0
shrinkage=0.05


Tree=260
num_leaves=4
num_cat=0
split_feature=122 102 132
split_gain=0.316267 0.79202 0.342722
threshold=12.788913726806642 7.7950000762939462 0.89587974548339855
decision_type=2 2 2
left_child=1 -1 -3
right_child=-2 2 -4
leaf_value=0.0095437799092426001 0.0090532518874508507 -0.0024687900186535603 -0.018918065642380896
leaf_weight=6.8958486523479285 6.1268558540905351 7.0080946992966329 5.3577741589397192
leaf_count=212 128 430 56
internal_value=-6.42817e-06 -0.00319276 -0.010478
internal_weight=25.3886 19.2617 12.3659
internal_count=826 698 486
is_linear=0
shrinkage=0.05


Tree=261
num_leaves=4
num_cat=0
split_feature=239 0 167
split_gain=0.338784 0.702068 0.588112
threshold=23.534999847412113 3.7256208658218388 3.1881904602050786
decision_type=2 2 2
left_child=-1 2 -2
right_child=1 -3 -4
leaf_value=-0.0082173427473094165 -0.00059717177229566651 -0.0074647730748517958 0.022114080032941488
leaf_weight=7.6175859636859995 5.1961310685146618 7.3683715468796427 5.1795311231981032
leaf_count=198 124 393 111
internal_value=-1.24105e-05 0.00376048 0.0116876
internal_weight=25.3616 17.744 10.3757
internal_count=826 628 235
is_linear=0
shrinkage=0.05


Tree=262
num_leaves=4
num_cat=0
split_feature=166 3 239
split_gain=0.324825 0.733378 0.491819
threshold=38.500000000000007 3.7256208658218388 23.564999580383304
decision_type=2 2 2
left_child=2 -2 -1
right_child=1 -3 -4
leaf_value=-0.016014995606372515 0.015124735304856843 -0.0059448145498085794 0.0040362725705986426
leaf_weight=5.2094289956148732 7.2086233249865455 7.502766525518382 5.3947764448821545
leaf_count=158 110 395 163
internal_value=-1.02724e-06 0.00468487 -0.00634536
internal_weight=25.3156 14.7114 10.6042
internal_count=826 505 321
is_linear=0
shrinkage=0.05


Tree=263
num_leaves=4
num_cat=0
split_feature=129 141 127
split_gain=0.320468 0.792842 1.05138
threshold=7.4549999237060556 1.0000000180025095e-35 598.50000000000011
decision_type=2 2 2
left_child=1 2 -1
right_child=-2 -3 -4
leaf_value=-0.013542110273644782 -0.010137821123653386 0.016553013250978171 0.012852632443118598
leaf_weight=8.9709576432942466 5.0687747551128259 6.1123223110043901 5.1181458346545687
leaf_count=143 85 461 137
internal_value=-7.13035e-06 0.00289305 -0.00373737
internal_weight=25.2702 20.2014 14.0891
internal_count=826 741 280
is_linear=0
shrinkage=0.05


Tree=264
num_leaves=4
num_cat=0
split_feature=167 125 159
split_gain=0.322664 0.897913 0.618047
threshold=3.3347171545028691 0.024999999441206459 1.0000000180025095e-35
decision_type=2 2 2
left_child=2 -2 -1
right_child=1 -3 -4
leaf_value=-0.016976411386776576 -0.0076228452587160647 0.015713640701956764 0.0054712103975694225
leaf_weight=5.3221767019713315 7.0741116675198992 7.5803897240839433 5.2368199828779325
leaf_count=178 237 288 123
internal_value=2.91984e-06 0.00468117 -0.00633316
internal_weight=25.2135 14.6545 10.559
internal_count=826 525 301
is_linear=0
shrinkage=0.05


Tree=265
num_leaves=4
num_cat=0
split_feature=136 127 42
split_gain=0.299161 0.786927 0.606349
threshold=2.7212089300155644 1001.5000000000001 0.31326057016849523
decision_type=2 2 2
left_child=1 2 -1
right_child=-2 -3 -4
leaf_value=0.014002476094417134 0.0087192966500892668 -0.017978921650408718 -0.005797296037870537
leaf_weight=6.0602675568079629 6.2161133515182874 5.2076689868117674 7.6763019545469433
leaf_count=343 115 199 169
internal_value=-4.8021e-06 -0.00316107 0.00329535
internal_weight=25.1604 18.9442 13.7366
internal_count=826 711 512
is_linear=0
shrinkage=0.05


Tree=266
num_leaves=4
num_cat=0
split_feature=166 0 239
split_gain=0.32947 0.683659 0.450615
threshold=38.500000000000007 3.7256208658218388 23.564999580383304
decision_type=2 2 2
left_child=2 -2 -1
right_child=1 -3 -4
leaf_value=-0.015699623749083399 0.014848797279212659 -0.0056067107263605568 0.0035582556783095333
leaf_weight=5.1627299737883749 7.1420479943044466 7.4031767791602761 5.3985668057575822
leaf_count=158 110 395 163
internal_value=-7.63665e-06 0.0047465 -0.00639935
internal_weight=25.1065 14.5452 10.5613
internal_count=826 505 321
is_linear=0
shrinkage=0.05


Tree=267
num_leaves=4
num_cat=0
split_feature=129 159 37
split_gain=0.322876 0.894254 1.33214
threshold=7.4549999237060556 1.0000000180025095e-35 0.89587974548339855
decision_type=2 2 2
left_child=1 2 -1
right_child=-2 -3 -4
leaf_value=-0.02028378181765994 -0.010225805836771608 0.01927221853228038 0.0082763564931521063
leaf_weight=5.8459314394276634 5.0181642904644823 5.0004900973290196 9.1982819026889047
leaf_count=242 85 91 408
internal_value=-1.3605e-05 0.00290743 -0.00339417
internal_weight=25.0629 20.0447 15.0442
internal_count=826 741 650
is_linear=0
shrinkage=0.05


Tree=268
num_leaves=4
num_cat=0
split_feature=128 128 130
split_gain=0.32752 0.704079 0.910017
threshold=0.27500000596046453 0.43500000238418585 6.3150000572204599
decision_type=2 2 2
left_child=-1 -2 -3
right_child=1 2 -4
leaf_value=0.0096966020486617885 -0.015348308562974457 0.018456963070513029 -0.0067940937645566473
leaf_weight=5.5623636551899862 6.5237509523867656 5.0362404821789806 7.8465412256191485
leaf_count=276 174 234 142
internal_value=-2.07088e-05 -0.0031446 0.00369569
internal_weight=24.9689 19.4065 12.8828
internal_count=826 550 376
is_linear=0
shrinkage=0.05


Tree=269
num_leaves=4
num_cat=0
split_feature=167 125 159
split_gain=0.329515 0.795548 0.564578
threshold=3.3347171545028691 0.024999999441206459 1.0000000180025095e-35
decision_type=2 2 2
left_child=2 -2 -1
right_child=1 -3 -4
leaf_value=-0.016668681247202347 -0.0069754566273681727 0.01514801957155803 0.0049002756156202726
leaf_weight=5.2496054760413262 6.9397732126526517 7.5075167293834966 5.2133441591868177
leaf_count=178 237 288 123
internal_value=-9.15069e-06 0.00475737 -0.00643164
internal_weight=24.9102 14.4473 10.4629
internal_count=826 525 301
is_linear=0
shrinkage=0.05


Tree=270
num_leaves=4
num_cat=0
split_feature=166 0 128
split_gain=0.321468 0.65929 0.139636
threshold=38.500000000000007 3.7256208658218388 0.41499999165534979
decision_type=2 2 2
left_child=2 -2 -1
right_child=1 -3 -4
leaf_value=-0.011297853649048733 0.014635880386513839 -0.005532599813295307 -0.00015204584566089806
leaf_weight=5.3654312135186064 7.093175672227515 7.3217905701312702 5.0805381438112818
leaf_count=119 110 395 202
internal_value=-1.66512e-05 0.00469736 -0.00636383
internal_weight=24.8609 14.415 10.446
internal_count=826 505 321
is_linear=0
shrinkage=0.05


Tree=271
num_leaves=4
num_cat=0
split_feature=128 128 130
split_gain=0.324518 0.620715 0.849275
threshold=0.27500000596046453 0.43500000238418585 6.3150000572204599
decision_type=2 2 2
left_child=-1 -2 -3
right_child=1 2 -4
leaf_value=0.0096658935899315498 -0.014686710867774386 0.017569230844640942 -0.0068420413704600438
leaf_weight=5.5391535543603849 6.4326039112056632 5.0222197259863588 7.826407101994846
leaf_count=276 174 234 142
internal_value=-2.08601e-05 -0.00314307 0.0032794
internal_weight=24.8204 19.2812 12.8486
internal_count=826 550 376
is_linear=0
shrinkage=0.05


Tree=272
num_leaves=4
num_cat=0
split_feature=167 125 159
split_gain=0.311809 0.723062 0.540693
threshold=3.3347171545028691 0.024999999441206459 1.0000000180025095e-35
decision_type=2 2 2
left_child=2 -2 -1
right_child=1 -3 -4
leaf_value=-0.016337545790375614 -0.0066182175807298366 0.014533671997856924 0.0048212623403252799
leaf_weight=5.2064022203558142 6.8746603691834007 7.4905096323200269 5.1942587778903544
leaf_count=178 237 288 123
internal_value=-9.74808e-06 0.0046392 -0.00627448
internal_weight=24.7658 14.3652 10.4007
internal_count=826 525 301
is_linear=0
shrinkage=0.05


Tree=273
num_leaves=4
num_cat=0
split_feature=122 102 65
split_gain=0.311318 0.763381 0.324822
threshold=12.788913726806642 7.7950000762939462 0.0061215669848024854
decision_type=2 2 2
left_child=1 -1 -3
right_child=-2 2 -4
leaf_value=0.0093984115531153024 0.0090920795204366828 -0.017388902774104192 -0.0012237169905590121
leaf_weight=6.7494779326953056 5.943096148359472 6.3762336960644443 5.6503900517127477
leaf_count=212 128 282 204
internal_value=-1.72183e-05 -0.00321449 -0.0104711
internal_weight=24.7192 18.7761 12.0266
internal_count=826 698 486
is_linear=0
shrinkage=0.05


Tree=274
num_leaves=4
num_cat=0
split_feature=166 0 122
split_gain=0.323263 0.625342 0.306139
threshold=38.500000000000007 3.7256208658218388 11.447404861450197
decision_type=2 2 2
left_child=2 -2 -1
right_child=1 -3 -4
leaf_value=-0.013970280500121422 0.014444439166626605 -0.0052854365179945493 0.00211926875514842
leaf_weight=5.1616834714659507 7.0315668852999789 7.2523752369452268 5.2441802283283323
leaf_count=202 110 395 119
internal_value=-1.76442e-05 0.00473661 -0.00638683
internal_weight=24.6898 14.2839 10.4059
internal_count=826 505 321
is_linear=0
shrinkage=0.05


Tree=275
num_leaves=4
num_cat=0
split_feature=239 122 66
split_gain=0.310665 0.57958 0.606598
threshold=23.534999847412113 12.584794998168947 0.0061215669848024854
decision_type=2 2 2
left_child=-1 2 -2
right_child=1 -3 -4
leaf_value=-0.0079825462188242886 -0.013855101413437055 0.016154085792894131 0.0070449038645892074
leaf_weight=7.3938955230405581 5.3302153511322121 5.1588452189462251 6.7552892118110321
leaf_count=198 273 94 261
internal_value=-2.2804e-05 0.00364058 -0.00252726
internal_weight=24.6382 17.2443 12.0855
internal_count=826 628 534
is_linear=0
shrinkage=0.05


Tree=276
num_leaves=4
num_cat=0
split_feature=130 127 127
split_gain=0.310496 0.720903 0.428847
threshold=6.2550001144409189 457.50000000000006 103.00000000000001
decision_type=2 2 2
left_child=1 2 -1
right_child=-2 -3 -4
leaf_value=0.0066220424031950692 -0.0076130294416685814 0.01766283870108883 -0.011344315794281586
leaf_weight=5.2180565622402408 7.9373636506497851 5.1656708890077416 6.2763708956190385
leaf_count=166 145 326 189
internal_value=-1.97823e-05 0.0038241 -0.00331101
internal_weight=24.5975 16.6601 11.4944
internal_count=826 681 355
is_linear=0
shrinkage=0.05


Tree=277
num_leaves=4
num_cat=0
split_feature=167 127 127
split_gain=0.308087 0.502248 0.771558
threshold=3.0310379266738896 557.50000000000011 191.50000000000003
decision_type=2 2 2
left_child=-1 2 -2
right_child=1 -3 -4
leaf_value=-0.0089849601155693529 0.0081773469272896325 0.013621945068456189 -0.015240531814982278
leaf_weight=6.0287728196708512 6.6857969839475135 6.3113496455771374 5.5297456861590035
leaf_count=172 174 307 173
internal_value=-8.83596e-06 0.0032226 -0.00277456
internal_weight=24.5557 18.5269 12.2155
internal_count=826 654 347
is_linear=0
shrinkage=0.05


Tree=278
num_leaves=4
num_cat=0
split_feature=128 239 122
split_gain=0.300608 0.601418 0.906267
threshold=0.27500000596046453 36.655000686645515 11.613162994384767
decision_type=2 2 2
left_child=-1 2 -2
right_child=1 -3 -4
leaf_value=0.0093211180566388826 0.017657187216836474 -0.013691629195559727 -0.0080118956603340615
leaf_weight=5.5082824880373691 5.270209130248988 7.0298481237405204 6.7128544903825969
leaf_count=276 228 240 82
internal_value=-1.40104e-05 -0.00304913 0.00376796
internal_weight=24.5212 19.0129 11.9831
internal_count=826 550 310
is_linear=0
shrinkage=0.05


Tree=279
num_leaves=4
num_cat=0
split_feature=166 0 122
split_gain=0.309489 0.595578 0.298675
threshold=38.500000000000007 3.7256208658218388 11.447404861450197
decision_type=2 2 2
left_child=2 -2 -1
right_child=1 -3 -4
leaf_value=-0.013747489656028306 0.014220632874602721 -0.0051324422387486355 0.002162881741060729
leaf_weight=5.137169760011604 6.9346012298483384 7.190467841894133 5.2275944075081497
leaf_count=202 110 395 119
internal_value=-4.04787e-06 0.00468083 -0.00623868
internal_weight=24.4898 14.1251 10.3648
internal_count=826 505 321
is_linear=0
shrinkage=0.05


Tree=280
num_leaves=3
num_cat=0
split_feature=137 167
split_gain=0.305131 1.08757
threshold=2.3502402305603032 4.3406298160552987
decision_type=2 2
left_child=1 -1
right_child=-2 -3
leaf_value=-0.014453825965192955 0.006822077402926458 0.011088802161385709
leaf_weight=9.2344735987717304 9.1013985755853337 6.1038660226040511
leaf_count=358 124 344
internal_value=-9.48958e-06 -0.00423262
internal_weight=24.4397 15.3383
internal_count=826 702
is_linear=0
shrinkage=0.05


Tree=281
num_leaves=4
num_cat=0
split_feature=129 141 137
split_gain=0.302905 0.790124 0.963091
threshold=7.4449999332427987 1.0000000180025095e-35 2.3502402305603032
decision_type=2 2 2
left_child=1 2 -1
right_child=-2 -3 -4
leaf_value=-0.017369475884389085 -0.0098773069691328597 0.016593210925732568 0.007817779577270265
leaf_weight=6.0288899707957224 5.0001036124303928 5.9858181135059558 7.3589383619837463
leaf_count=163 89 461 113
internal_value=-3.4488e-06 0.0029046 -0.0039436
internal_weight=24.3738 19.3736 13.3878
internal_count=826 737 276
is_linear=0
shrinkage=0.05


Tree=282
num_leaves=4
num_cat=0
split_feature=136 127 131
split_gain=0.306398 0.737565 0.574491
threshold=2.7212089300155644 1001.5000000000001 212.50000000000003
decision_type=2 2 2
left_child=1 2 -1
right_child=-2 -3 -4
leaf_value=-0.0060442692982690003 0.0090021550458914464 -0.017822284851351036 0.013414942194667802
leaf_weight=7.3134969191160106 5.9437278818804762 5.0132353334920472 6.0554376579530071
leaf_count=188 115 199 324
internal_value=-1.03374e-05 -0.00323856 0.00308995
internal_weight=24.3259 18.3822 13.3689
internal_count=826 711 512
is_linear=0
shrinkage=0.05


Tree=283
num_leaves=3
num_cat=0
split_feature=239 3
split_gain=0.319382 0.551004
threshold=23.534999847412113 3.7256208658218388
decision_type=2 2
left_child=-1 -2
right_child=1 -3
leaf_value=-0.0081169108555815307 0.010841146362682488 -0.0065087757672119793
leaf_weight=7.3113963173236725 9.9798246274585853 6.9764524371566941
leaf_count=198 235 393
internal_value=-1.36901e-05 0.0037378
internal_weight=24.2677 16.9563
internal_count=826 628
is_linear=0
shrinkage=0.05


Tree=284
num_leaves=4
num_cat=0
split_feature=239 136 125
split_gain=0.292017 0.50711 0.367947
threshold=39.425001144409187 2.7212089300155644 0.024999999441206459
decision_type=2 2 2
left_child=1 2 -1
right_child=-2 -3 -4
leaf_value=-0.015674856632347262 0.0095487332935621019 0.0088603945328858107 0.00016947790463228967
leaf_weight=6.5252970800502279 5.115429179306374 5.5076470840722314 7.1002490127575584
leaf_count=181 320 106 219
internal_value=-2.09998e-05 -0.00292675 -0.00797134
internal_weight=24.2486 19.1332 13.6255
internal_count=826 506 400
is_linear=0
shrinkage=0.05


Tree=285
num_leaves=4
num_cat=0
split_feature=128 239 122
split_gain=0.300259 0.544357 0.874095
threshold=0.27500000596046453 36.655000686645515 11.613162994384767
decision_type=2 2 2
left_child=-1 2 -2
right_child=1 -3 -4
leaf_value=0.0093589831212972964 0.017186225086507089 -0.013271051518640399 -0.0081423571767307128
leaf_weight=5.4426117481780265 5.2018451503245178 6.9150593669328364 6.6419911754783243
leaf_count=276 228 240 82
internal_value=-1.51729e-05 -0.00307095 0.00345399
internal_weight=24.2015 18.7589 11.8438
internal_count=826 550 310
is_linear=0
shrinkage=0.05


Tree=286
num_leaves=3
num_cat=0
split_feature=239 65
split_gain=0.313036 0.914151
threshold=23.98499965667725 0.0065650134347379216
decision_type=2 2
left_child=1 -1
right_child=-2 -3
leaf_value=-0.013699802251845118 0.0064587369603406539 0.010817829287709737
leaf_weight=9.0533095541177335 9.9174299875739944 5.2011617071693754
leaf_count=220 452 154
internal_value=-5.26125e-06 -0.00463112
internal_weight=24.1719 14.2545
internal_count=826 374
is_linear=0
shrinkage=0.05


Tree=287
num_leaves=4
num_cat=0
split_feature=122 167 42
split_gain=0.312679 0.707988 0.520254
threshold=12.788913726806642 6.4311306476593026 0.23627573996782306
decision_type=2 2 2
left_child=1 2 -1
right_child=-2 -3 -4
leaf_value=-0.016235688249664558 0.0091891111228351689 0.011284984475194345 0.0032249549426280363
leaf_weight=8.2648458443000035 5.8386059916374498 5.0481307956506489 5.0024811568437135
leaf_count=333 128 226 139
internal_value=1.20676e-06 -0.00325182 -0.00918626
internal_weight=24.1541 18.3155 13.2673
internal_count=826 698 472
is_linear=0
shrinkage=0.05


Tree=288
num_leaves=3
num_cat=0
split_feature=137 239
split_gain=0.294744 1.0213
threshold=2.3502402305603032 23.894999504089359
decision_type=2 2
left_child=1 -1
right_child=-2 -3
leaf_value=-0.016238836876281713 0.0067453657326008807 0.008277997900067521
leaf_weight=7.5165064501343313 9.0236736917868239 7.5842462088039611
leaf_count=250 124 452
internal_value=1.49479e-05 -0.00417606
internal_weight=24.1244 15.1008
internal_count=826 702
is_linear=0
shrinkage=0.05


Tree=289
num_leaves=4
num_cat=0
split_feature=122 65 0
split_gain=0.285595 0.54401 0.448709
threshold=12.788913726806642 0.0037759691476821904 3.5387372970581059
decision_type=2 2 2
left_child=1 -1 -3
right_child=-2 2 -4
leaf_value=-0.014021314404014976 0.0087983745585890755 0.010938621734623758 -0.0071255106586148032
leaf_weight=6.2009745637769873 5.824574069629306 6.8202714133076352 5.2252144300146028
leaf_count=269 128 189 240
internal_value=1.04978e-05 -0.00310613 0.00315704
internal_weight=24.071 18.2465 12.0455
internal_count=826 698 429
is_linear=0
shrinkage=0.05


Tree=290
num_leaves=4
num_cat=0
split_feature=166 0 122
split_gain=0.283866 0.555094 0.291634
threshold=38.500000000000007 3.7256208658218388 11.447404861450197
decision_type=2 2 2
left_child=2 -2 -1
right_child=1 -3 -4
leaf_value=-0.013485504527939608 0.013880217208271289 -0.0049871406910400769 0.0022999208637648088
leaf_weight=5.0440421460662055 6.7548320086207223 7.0626752324315021 5.1899994544219226
leaf_count=202 110 395 119
internal_value=6.33127e-06 0.00455063 -0.00598809
internal_weight=24.0515 13.8175 10.234
internal_count=826 505 321
is_linear=0
shrinkage=0.05


Tree=291
num_leaves=3
num_cat=0
split_feature=137 127
split_gain=0.291656 1.16496
threshold=2.3502402305603032 191.50000000000003
decision_type=2 2
left_child=1 -1
right_child=-2 -3
leaf_value=0.011126706746585634 0.0067125615477253335 -0.015354518754534197
leaf_weight=6.3446889107581255 8.9759956183843297 8.6823658153443812
leaf_count=208 124 494
internal_value=7.44579e-07 -0.00417705
internal_weight=24.0031 15.0271
internal_count=826 702
is_linear=0
shrinkage=0.05


Tree=292
num_leaves=4
num_cat=0
split_feature=239 122 3
split_gain=0.286561 0.536823 0.537717
threshold=23.534999847412113 12.584794998168947 3.7256208658218388
decision_type=2 2 2
left_child=-1 2 -2
right_child=1 -3 -4
leaf_value=-0.0077071933228226351 0.0074081554568808054 0.015706229714851982 -0.012450907652854885
leaf_weight=7.2301157878246185 6.0059389554662648 5.047245333713362 5.6932259817840531
leaf_count=198 193 94 341
internal_value=4.51132e-06 0.00358065 -0.00247541
internal_weight=23.9765 16.7464 11.6992
internal_count=826 628 534
is_linear=0
shrinkage=0.05


Tree=293
num_leaves=4
num_cat=0
split_feature=36 125 127
split_gain=0.278619 0.550886 0.250477
threshold=0.89587974548339855 0.034999999217689044 285.50000000000006
decision_type=2 2 2
left_child=2 -2 -1
right_child=1 -3 -4
leaf_value=0.0018150645252312616 -0.0037152272183489407 0.015372577959628281 -0.012901361739311334
leaf_weight=5.1509214253164846 8.2089294629113265 5.5640592930285484 5.016335453139618
leaf_count=136 319 203 168
internal_value=9.56875e-06 0.00451454 -0.00595084
internal_weight=23.9402 13.773 10.1673
internal_count=826 522 304
is_linear=0
shrinkage=0.05


Tree=294
num_leaves=4
num_cat=0
split_feature=128 128 128
split_gain=0.303774 0.517565 0.728925
threshold=0.27500000596046453 0.43500000238418585 0.86500000953674328
decision_type=2 2 2
left_child=-1 -2 -3
right_child=1 2 -4
leaf_value=0.0094674314137309715 -0.013780801452486236 0.015300481019288718 -0.0074338986244575399
leaf_weight=5.3951319902262211 6.1968355647986781 5.3956249121983983 6.9339222616981715
leaf_count=276 174 247 129
internal_value=9.76968e-06 -0.00308823 0.00291654
internal_weight=23.9215 18.5264 12.3295
internal_count=826 550 376
is_linear=0
shrinkage=0.05


Tree=295
num_leaves=3
num_cat=0
split_feature=137 127
split_gain=0.291539 1.0654
threshold=2.3502402305603032 191.50000000000003
decision_type=2 2
left_child=1 -1
right_child=-2 -3
leaf_value=0.010433091451844149 0.0067545196076476861 -0.014921409456177401
leaf_weight=6.3642759622889598 8.9041732503101212 8.6065694434801099
leaf_count=208 124 494
internal_value=1.55393e-05 -0.00416455
internal_weight=23.875 14.9708
internal_count=826 702
is_linear=0
shrinkage=0.05


Tree=296
num_leaves=4
num_cat=0
split_feature=166 0 239
split_gain=0.286839 0.519243 0.382476
threshold=38.500000000000007 3.7256208658218388 23.595000267028812
decision_type=2 2 2
left_child=2 -2 -1
right_child=1 -3 -4
leaf_value=-0.014659404378506139 0.01370737152357609 -0.004638549939489112 0.0033700463486748726
leaf_weight=5.0064367799786869 6.6533155713696015 7.0195087668980705 5.1709988693473861
leaf_count=161 110 395 160
internal_value=1.82579e-05 0.00461451 -0.00601696
internal_weight=23.8503 13.6728 10.1774
internal_count=826 505 321
is_linear=0
shrinkage=0.05


Tree=297
num_leaves=3
num_cat=0
split_feature=130 131
split_gain=0.281365 0.473091
threshold=6.2550001144409189 484.00000000000006
decision_type=2 2
left_child=1 -1
right_child=-2 -3
leaf_value=-0.0036668745233046779 -0.0073992372741120797 0.012642873457346699
leaf_weight=9.2474895670311579 7.5601707960013291 7.0060134355735491
leaf_count=255 145 426
internal_value=1.22522e-05 0.00368869
internal_weight=23.8137 16.2535
internal_count=826 681
is_linear=0
shrinkage=0.05


Tree=298
num_leaves=3
num_cat=0
split_feature=137 127
split_gain=0.268345 1.02078
threshold=2.3502402305603032 191.50000000000003
decision_type=2 2
left_child=1 -1
right_child=-2 -3
leaf_value=0.010299601982012282 0.0064920617835851138 -0.014560061262513703
leaf_weight=6.3409168462967527 8.8668764787726086 8.5673435507342202
leaf_count=208 124 494
internal_value=1.46835e-05 -0.00400374
internal_weight=23.7751 14.9083
internal_count=826 702
is_linear=0
shrinkage=0.05


Tree=299
num_leaves=4
num_cat=0
split_feature=36 0 127
split_gain=0.275061 0.496664 0.179717
threshold=0.89587974548339855 3.7256208658218388 266.50000000000006
decision_type=2 2 2
left_child=2 -2 -1
right_child=1 -3 -4
leaf_value=0.0008721003836053865 0.013399615323079671 -0.0045481791631940445 -0.011750073820264773
leaf_weight=5.0480088423937577 6.6542150736786407 7.0087635834061075 5.0408881712355651
leaf_count=133 127 395 171
internal_value=1.74465e-05 0.00451056 -0.00592542
internal_weight=23.7519 13.663 10.0889
internal_count=826 522 304
is_linear=0
shrinkage=0.05


Tree=300
num_leaves=4
num_cat=0
split_feature=128 239 122
split_gain=0.285517 0.512281 0.746372
threshold=0.27500000596046453 36.655000686645515 11.613162994384767
decision_type=2 2 2
left_child=-1 2 -2
right_child=1 -3 -4
leaf_value=0.009187888770754991 0.016124544232178864 -0.01297836072497318 -0.0075094981342677322
leaf_weight=5.3762106522044659 5.1194695829763095 6.7831699976231894 6.4498609704896808
leaf_count=276 228 240 82
internal_value=1.21344e-05 -0.0030117 0.00339946
internal_weight=23.7287 18.3525 11.5693
internal_count=826 550 310
is_linear=0
shrinkage=0.05


Tree=301
num_leaves=4
num_cat=0
split_feature=239 122 44
split_gain=0.298507 0.516976 0.464071
threshold=23.534999847412113 12.552067279815676 0.6904762089252473
decision_type=2 2 2
left_child=-1 2 -2
right_child=1 -3 -4
leaf_value=-0.0078734033725237958 -0.012437595690331555 0.01561660383712234 0.0062261396002592211
leaf_weight=7.1706757104257148 5.0643160286708779 5.007631084881722 6.4590238034143086
leaf_count=198 130 100 398
internal_value=2.03704e-05 0.00369827 -0.00231445
internal_weight=23.7016 16.531 11.5233
internal_count=826 628 528
is_linear=0
shrinkage=0.05


Tree=302
num_leaves=4
num_cat=0
split_feature=239 137 127
split_gain=0.281235 0.510223 0.611253
threshold=39.425001144409187 2.3502402305603032 195.00000000000003
decision_type=2 2 2
left_child=1 2 -1
right_child=-2 -3 -4
leaf_value=0.0031182383885635548 0.0094891531010882352 0.0074101042549276422 -0.018392573742081014
leaf_weight=5.5641016770387122 5.007224335189675 6.7775021493434897 6.3162421943270601
leaf_count=158 320 102 246
internal_value=2.18723e-05 -0.00287234 -0.00885816
internal_weight=23.6651 18.6578 11.8803
internal_count=826 506 404
is_linear=0
shrinkage=0.05


Tree=303
num_leaves=4
num_cat=0
split_feature=122 102 65
split_gain=0.282672 0.653258 0.227056
threshold=12.788913726806642 7.7950000762939462 0.004183980869129301
decision_type=2 2 2
left_child=1 -1 -3
right_child=-2 2 -4
leaf_value=0.0087325705037534281 0.0088884520962133513 -0.016496165346225604 -0.0024785059412459321
leaf_weight=6.5218295692466262 5.6549264134519026 5.4872880543116462 5.9623571243719198
leaf_count=212 128 238 248
internal_value=2.29543e-05 -0.00308815 -0.00998194
internal_weight=23.6264 17.9715 11.4496
internal_count=826 698 486
is_linear=0
shrinkage=0.05


Tree=304
num_leaves=4
num_cat=0
split_feature=166 0 239
split_gain=0.298839 0.504512 0.300946
threshold=38.500000000000007 3.7256208658218388 23.625000000000004
decision_type=2 2 2
left_child=2 -2 -1
right_child=1 -3 -4
leaf_value=-0.013610127106142657 0.013812753322445774 -0.0044046124551200081 0.0024991578619582709
leaf_weight=5.1257637779926899 6.5174063288141024 6.9517592974298168 5.0056094588944688
leaf_count=168 110 395 153
internal_value=1.82193e-05 0.00475574 -0.00614151
internal_weight=23.6005 13.4692 10.1314
internal_count=826 505 321
is_linear=0
shrinkage=0.05


Tree=305
num_leaves=4
num_cat=0
split_feature=239 52 102
split_gain=0.277469 0.438316 0.375603
threshold=23.534999847412113 0.0064990478567779073 7.9249999523162851
decision_type=2 2 2
left_child=-1 -2 -3
right_child=1 2 -4
leaf_value=-0.0076275216944012491 0.013277782648834153 0.006019328867371403 -0.011416737579105878
leaf_weight=7.1124979634769288 6.0035244738101055 5.3866959825390932 5.0638392852852121
leaf_count=198 175 200 253
internal_value=1.33264e-05 0.00356396 -0.00268858
internal_weight=23.5666 16.4541 10.4505
internal_count=826 628 453
is_linear=0
shrinkage=0.05


Tree=306
num_leaves=4
num_cat=0
split_feature=128 239 122
split_gain=0.27869 0.508607 0.705512
threshold=0.27500000596046453 36.655000686645515 11.613162994384767
decision_type=2 2 2
left_child=-1 2 -2
right_child=1 -3 -4
leaf_value=0.0091001749231469729 0.015791129078607628 -0.012943591196542271 -0.0072732593425400578
leaf_weight=5.3413790794729747 5.0994171919883247 6.737974267860408 6.3635807472746819
leaf_count=276 228 240 82
internal_value=1.26286e-05 -0.00298931 0.00343091
internal_weight=23.5424 18.201 11.463
internal_count=826 550 310
is_linear=0
shrinkage=0.05


Tree=307
num_leaves=4
num_cat=0
split_feature=166 125 122
split_gain=0.297618 0.485403 0.300639
threshold=38.500000000000007 0.034999999217689044 11.447404861450197
decision_type=2 2 2
left_child=2 -2 -1
right_child=1 -3 -4
leaf_value=-0.013708295314673003 -0.0028994569834461161 0.015365562158451427 0.0023901916024276462
leaf_weight=5.0319714536890405 8.1860524689836875 5.1989546949916976 5.0990924465004355
leaf_count=202 311 194 119
internal_value=2.06319e-05 0.00476996 -0.00611892
internal_weight=23.5161 13.385 10.1311
internal_count=826 505 321
is_linear=0
shrinkage=0.05


Tree=308
num_leaves=4
num_cat=0
split_feature=167 127 134
split_gain=0.27651 0.552394 0.648646
threshold=3.0310379266738896 557.50000000000011 1.0000000180025095e-35
decision_type=2 2 2
left_child=-1 2 -2
right_child=1 -3 -4
leaf_value=-0.0086351302389236235 0.0078667195715135026 0.014308628772386922 -0.013959805850758908
leaf_weight=5.7735035881050889 5.8739469209685939 6.0023119735851642 5.8237632345408201
leaf_count=172 257 307 90
internal_value=2.12638e-05 0.00315564 -0.00324334
internal_weight=23.4735 17.7 11.6977
internal_count=826 654 347
is_linear=0
shrinkage=0.05


Tree=309
num_leaves=3
num_cat=0
split_feature=239 132
split_gain=0.266695 0.460605
threshold=23.534999847412113 0.89587974548339855
decision_type=2 2
left_child=-1 -2
right_child=1 -3
leaf_value=-0.0074845542886853083 0.010181237839813723 -0.0059172777087069259
leaf_weight=7.0816117721842629 9.5315489349886793 6.8214664726983747
leaf_count=198 549 79
internal_value=1.86274e-05 0.00351192
internal_weight=23.4346 16.353
internal_count=826 628
is_linear=0
shrinkage=0.05


Tree=310
num_leaves=3
num_cat=0
split_feature=136 239
split_gain=0.292355 0.518088
threshold=2.7212089300155644 23.954999923706058
decision_type=2 2
left_child=1 -1
right_child=-2 -3
leaf_value=-0.011319199061007427 0.0090024801093538959 0.0049405983541601344
leaf_weight=8.6768048457452149 5.6678147055208674 9.0733430224645399
leaf_count=269 115 442
internal_value=1.07106e-05 -0.00318746
internal_weight=23.418 17.7501
internal_count=826 711
is_linear=0
shrinkage=0.05


Tree=311
num_leaves=4
num_cat=0
split_feature=128 239 65
split_gain=0.283166 0.507224 0.641505
threshold=0.27500000596046453 36.655000686645515 0.0019752966472879056
decision_type=2 2 2
left_child=-1 2 -2
right_child=1 -3 -4
leaf_value=0.009217914275575001 -0.0081813524281866834 -0.01297694116367709 0.013794826256949711
leaf_weight=5.2867455939413075 5.47573842527345 6.7016171703580758 5.9110155707458034
leaf_count=276 137 240 173
internal_value=1.49008e-05 -0.00301689 0.00341946
internal_weight=23.3751 18.0884 11.3868
internal_count=826 550 310
is_linear=0
shrinkage=0.05


Tree=312
num_leaves=4
num_cat=0
split_feature=122 102 66
split_gain=0.270816 0.642938 0.207823
threshold=12.788913726806642 7.7950000762939462 0.0061215669848024854
decision_type=2 2 2
left_child=1 -1 -3
right_child=-2 2 -4
leaf_value=0.0087541731617494442 0.0087145043313219001 -0.01569352225164548 -0.0021348138040431634
leaf_weight=6.4232352126273389 5.6137454108975353 5.9174377577728574 5.3914730713004246
leaf_count=212 128 282 204
internal_value=1.70966e-05 -0.0030546 -0.00992806
internal_weight=23.3459 17.7321 11.3089
internal_count=826 698 486
is_linear=0
shrinkage=0.05


Tree=313
num_leaves=4
num_cat=0
split_feature=37 159 125
split_gain=0.275535 1.05521 0.510681
threshold=0.89587974548339855 1.0000000180025095e-35 0.024999999441206459
decision_type=2 2 2
left_child=1 -1 -2
right_child=2 -3 -4
leaf_value=-0.018788777318351702 -0.0056447427640099737 0.0083854552831064272 0.014536443918520089
leaf_weight=5.8754046874819341 5.002120977296725 6.5680292516481131 5.8763363898033276
leaf_count=248 202 152 224
internal_value=1.47181e-05 -0.00488856 0.00556276
internal_weight=23.3219 12.4434 10.8785
internal_count=826 400 426
is_linear=0
shrinkage=0.05


Tree=314
num_leaves=3
num_cat=0
split_feature=136 239
split_gain=0.270005 0.520865
threshold=2.7212089300155644 23.954999923706058
decision_type=2 2
left_child=1 -1
right_child=-2 -3
leaf_value=-0.011235935391068083 0.0086763642366393442 0.0051134366393174998
leaf_weight=8.6415056512923965 5.6273138406686476 8.9847930801770399
leaf_count=269 115 442
internal_value=9.32896e-06 -0.00307494
internal_weight=23.2536 17.6263
internal_count=826 711
is_linear=0
shrinkage=0.05


Tree=315
num_leaves=4
num_cat=0
split_feature=128 239 122
split_gain=0.276927 0.468159 0.673043
threshold=0.27500000596046453 36.655000686645515 11.613162994384767
decision_type=2 2 2
left_child=-1 2 -2
right_child=1 -3 -4
leaf_value=0.009137326934602584 0.015337488186648035 -0.012611677434247501 -0.0072996502642265499
leaf_weight=5.2531729711627149 5.0401124219060893 6.6341196883440707 6.284169550286606
leaf_count=276 228 240 82
internal_value=1.3485e-05 -0.0029966 0.00320248
internal_weight=23.2116 17.9584 11.3243
internal_count=826 550 310
is_linear=0
shrinkage=0.05


Tree=316
num_leaves=3
num_cat=0
split_feature=137 167
split_gain=0.277264 0.942708
threshold=2.3502402305603032 4.3406298160552987
decision_type=2 2
left_child=1 -1
right_child=-2 -3
leaf_value=-0.013801547638176027 0.006693475186082193 0.010544275856771141
leaf_weight=8.798708382877523 8.62072342680767 5.76751608205086
leaf_count=358 124 344
internal_value=2.13871e-05 -0.00410368
internal_weight=23.1869 14.5662
internal_count=826 702
is_linear=0
shrinkage=0.05


Tree=317
num_leaves=4
num_cat=0
split_feature=122 102 65
split_gain=0.272154 0.6094 0.190881
threshold=12.788913726806642 7.7950000762939462 0.004183980869129301
decision_type=2 2 2
left_child=1 -1 -3
right_child=-2 2 -4
leaf_value=0.0084795899712552854 0.0087830743457655343 -0.015842393187184691 -0.0027414335636965098
leaf_weight=6.3662801037426169 5.5562042810634003 5.3518435698933882 5.8509271016810089
leaf_count=212 128 238 248
internal_value=2.63997e-05 -0.00306676 -0.00978546
internal_weight=23.1253 17.5691 11.2028
internal_count=826 698 486
is_linear=0
shrinkage=0.05


Tree=318
num_leaves=3
num_cat=0
split_feature=136 239
split_gain=0.277406 0.508989
threshold=2.7212089300155644 23.954999923706058
decision_type=2 2
left_child=1 -1
right_child=-2 -3
leaf_value=-0.011187300450696607 0.0088572257278050175 0.0050122606238221876
leaf_weight=8.6009391044499406 5.5603925723116836 8.939990029044564
leaf_count=269 115 442
internal_value=2.15801e-05 -0.00310593
internal_weight=23.1013 17.5409
internal_count=826 711
is_linear=0
shrinkage=0.05


Tree=319
num_leaves=3
num_cat=0
split_feature=122 130
split_gain=0.259845 0.808379
threshold=8.6886076927185076 5.9549999237060556
decision_type=2 2
left_child=-1 -2
right_child=1 -3
leaf_value=-0.0076834842340096536 0.012127558329562462 -0.0091388730590287025
leaf_weight=6.6125124062527929 9.7064413624175376 6.7405669940635553
leaf_count=247 499 80
internal_value=2.545e-05 0.00338757
internal_weight=23.0595 16.447
internal_count=826 579
is_linear=0
shrinkage=0.05


Tree=320
num_leaves=4
num_cat=0
split_feature=122 102 65
split_gain=0.255378 0.570883 0.186022
threshold=12.788913726806642 7.7950000762939462 0.0061215669848024854
decision_type=2 2 2
left_child=1 -1 -3
right_child=-2 2 -4
leaf_value=0.0081857746614051614 0.0085085087760051661 -0.015023568568530855 -0.0020852191452635951
leaf_weight=6.3564001805498327 5.536012986325658 5.8102440476650354 5.321155441692099
leaf_count=212 128 282 204
internal_value=1.39193e-05 -0.00298994 -0.00952035
internal_weight=23.0238 17.4878 11.1314
internal_count=826 698 486
is_linear=0
shrinkage=0.05


Tree=321
num_leaves=3
num_cat=0
split_feature=239 0
split_gain=0.259241 0.440708
threshold=23.534999847412113 3.7256208658218388
decision_type=2 2
left_child=-1 -2
right_child=1 -3
leaf_value=-0.0074423908709170261 0.010013011703215086 -0.0058871727132723088
leaf_weight=6.9543625371297848 9.4231396628310922 6.6246962934383182
leaf_count=198 235 393
internal_value=1.16506e-05 0.00348895
internal_weight=23.0022 16.0478
internal_count=826 628
is_linear=0
shrinkage=0.05


Tree=322
num_leaves=4
num_cat=0
split_feature=167 127 134
split_gain=0.257914 0.540744 0.630685
threshold=3.0310379266738896 557.50000000000011 1.0000000180025095e-35
decision_type=2 2 2
left_child=-1 2 -2
right_child=1 -3 -4
leaf_value=-0.0084276548866423912 0.0076983602775866026 0.014251355019020482 -0.013987098648441984
leaf_weight=5.654737462289634 5.8053171597130149 5.8341691353853085 5.692728825379163
leaf_count=172 257 307 90
internal_value=3.76308e-06 0.00306423 -0.00329828
internal_weight=22.987 17.3322 11.498
internal_count=826 654 347
is_linear=0
shrinkage=0.05


Tree=323
num_leaves=3
num_cat=0
split_feature=136 239
split_gain=0.265935 0.467705
threshold=2.7212089300155644 23.954999923706058
decision_type=2 2
left_child=1 -1
right_child=-2 -3
leaf_value=-0.010837722780871136 0.0086872901198047688 0.0047363260502275581
leaf_weight=8.5407494280370937 5.5125464212615034 8.8955729262233927
leaf_count=269 115 442
internal_value=1.88078e-06 -0.0030663
internal_weight=22.9489 17.4363
internal_count=826 711
is_linear=0
shrinkage=0.05


Tree=324
num_leaves=4
num_cat=0
split_feature=129 122 40
split_gain=0.256 0.739372 0.699839
threshold=7.2449998855590829 11.73778009414673 0.099985368549823775
decision_type=2 2 2
left_child=1 2 -1
right_child=-2 -3 -4
leaf_value=-0.016388576698252801 -0.0088694058062409788 0.015738158486433951 0.0063893938891072272
leaf_weight=5.3409810726298073 5.1260351745877406 6.0743525451543965 6.3675210986984894
leaf_count=302 107 246 171
internal_value=6.58037e-06 0.00290114 -0.00447304
internal_weight=22.9089 17.7829 11.7085
internal_count=826 719 473
is_linear=0
shrinkage=0.05


Tree=325
num_leaves=3
num_cat=0
split_feature=136 239
split_gain=0.251691 0.424309
threshold=2.7212089300155644 23.954999923706058
decision_type=2 2
left_child=1 -1
right_child=-2 -3
leaf_value=-0.010424023769937738 0.0084523355209647471 0.004437997734894443
leaf_weight=8.4851561426767201 5.5032628439366809 8.8870201720274036
leaf_count=269 115 442
internal_value=-1.13759e-06 -0.00299338
internal_weight=22.8754 17.3722
internal_count=826 711
is_linear=0
shrinkage=0.05


Tree=326
num_leaves=4
num_cat=0
split_feature=128 239 65
split_gain=0.263685 0.500784 0.624719
threshold=0.27500000596046453 36.655000686645515 0.0019752966472879056
decision_type=2 2 2
left_child=-1 2 -2
right_child=1 -3 -4
leaf_value=0.0089543336343635236 -0.0081063311054854776 -0.012925295691099098 0.013839139751361371
leaf_weight=5.1804834880167645 5.3083040391211416 6.5733572604221981 5.7754943846957758
leaf_count=276 137 240 173
internal_value=3.52559e-06 -0.00296176 0.00352785
internal_weight=22.8376 17.6572 11.0838
internal_count=826 550 310
is_linear=0
shrinkage=0.05


Tree=327
num_leaves=3
num_cat=0
split_feature=137 167
split_gain=0.24269 0.866135
threshold=2.3502402305603032 4.3406298160552987
decision_type=2 2
left_child=1 -1
right_child=-2 -3
leaf_value=-0.013292640758970168 0.0062852683514445402 0.010206213860202779
leaf_weight=8.6190013964078407 8.4971234640106541 5.6936817543610223
leaf_count=358 124 344
internal_value=6.18178e-06 -0.00388859
internal_weight=22.8098 14.3127
internal_count=826 702
is_linear=0
shrinkage=0.05


Tree=328
num_leaves=4
num_cat=0
split_feature=122 102 123
split_gain=0.253359 0.553273 0.215504
threshold=12.788913726806642 7.7950000762939462 3.3850001096725468
decision_type=2 2 2
left_child=1 -1 -3
right_child=-2 2 -4
leaf_value=0.0080610847812652691 0.0085147231897949611 -0.01531926045448094 -0.0014744585657276105
leaf_weight=6.283862140728167 5.4698169831826808 5.8157689733779971 5.1826310411270242
leaf_count=212 128 262 224
internal_value=1.16182e-05 -0.00299814 -0.00946198
internal_weight=22.7521 17.2823 10.9984
internal_count=826 698 486
is_linear=0
shrinkage=0.05


Tree=329
num_leaves=4
num_cat=0
split_feature=129 141 137
split_gain=0.240103 0.73998 1.14869
threshold=7.2449998855590829 1.0000000180025095e-35 2.3502402305603032
decision_type=2 2 2
left_child=1 2 -1
right_child=-2 -3 -4
leaf_value=-0.019924937508162335 -0.0086269267623716554 0.016025101252843243 0.0090931758226452646
leaf_weight=5.2868065313086898 5.0717258080258025 5.8119655554182819 6.5566944326274097
leaf_count=147 107 461 111
internal_value=9.78741e-06 0.00282022 -0.004403
internal_weight=22.7272 17.6555 11.8435
internal_count=826 719 258
is_linear=0
shrinkage=0.05


Tree=330
num_leaves=3
num_cat=0
split_feature=136 239
split_gain=0.256235 0.414666
threshold=2.7212089300155644 23.954999923706058
decision_type=2 2
left_child=1 -1
right_child=-2 -3
leaf_value=-0.010392366381626035 0.0085798532730468769 0.0043521503227542686
leaf_weight=8.4226779446471536 5.4336734456010154 8.8189689799328317
leaf_count=269 115 442
internal_value=4.08936e-07 -0.00302551
internal_weight=22.6753 17.2416
internal_count=826 711
is_linear=0
shrinkage=0.05


Tree=331
num_leaves=4
num_cat=0
split_feature=167 127 134
split_gain=0.241029 0.481321 0.626478
threshold=3.0310379266738896 557.50000000000011 1.0000000180025095e-35
decision_type=2 2 2
left_child=-1 2 -2
right_child=1 -3 -4
leaf_value=-0.0081946977955083718 0.0079694408130495612 0.013633708078767962 -0.013758440257650637
leaf_weight=5.5716994240065132 5.7153524161840341 5.722498876581084 5.6282345619983971
leaf_count=172 257 307 90
internal_value=5.20061e-06 0.0029877 -0.00305232
internal_weight=22.6378 17.0661 11.3436
internal_count=826 654 347
is_linear=0
shrinkage=0.05


Tree=332
num_leaves=4
num_cat=0
split_feature=128 239 65
split_gain=0.245607 0.510136 0.596327
threshold=0.27500000596046453 36.655000686645515 0.0019752966472879056
decision_type=2 2 2
left_child=-1 2 -2
right_child=1 -3 -4
leaf_value=0.0086698310960311772 -0.0077571549781892679 -0.012964228728289515 0.013809201050844048
leaf_weight=5.1361575519549687 5.2346841862890887 6.5178616725170277 5.7136168315191753
leaf_count=276 137 240 173
internal_value=3.49306e-06 -0.00287645 0.00371151
internal_weight=22.6023 17.4662 10.9483
internal_count=826 550 310
is_linear=0
shrinkage=0.05


Tree=333
num_leaves=4
num_cat=0
split_feature=122 102 123
split_gain=0.246326 0.50883 0.208271
threshold=12.788913726806642 7.7950000762939462 3.3850001096725468
decision_type=2 2 2
left_child=1 -1 -3
right_child=-2 2 -4
leaf_value=0.0076492465219911154 0.0083915562998696288 -0.015011130395116546 -0.0013517955506337301
leaf_weight=6.246141466079286 5.4566269785718751 5.739858281973282 5.1324360830476508
leaf_count=212 128 262 224
internal_value=6.19213e-06 -0.00298233 -0.00922001
internal_weight=22.5751 17.1184 10.8723
internal_count=826 698 486
is_linear=0
shrinkage=0.05


Tree=334
num_leaves=3
num_cat=0
split_feature=239 0
split_gain=0.248747 0.438427
threshold=23.534999847412113 3.7256208658218388
decision_type=2 2
left_child=-1 -2
right_child=1 -3
leaf_value=-0.0073538395232735383 0.01000389798030627 -0.00599958948572284
leaf_weight=6.8251032856060219 9.2477302874030993 6.4785184550419208
leaf_count=198 235 393
internal_value=4.44364e-06 0.00344663
internal_weight=22.5514 15.7262
internal_count=826 628
is_linear=0
shrinkage=0.05


Tree=335
num_leaves=4
num_cat=0
split_feature=167 127 134
split_gain=0.239771 0.452671 0.586602
threshold=3.0310379266738896 557.50000000000011 1.0000000180025095e-35
decision_type=2 2 2
left_child=-1 2 -2
right_child=1 -3 -4
leaf_value=-0.0081808331977888584 0.0077227931141830341 0.013335506865981124 -0.013347476946290649
leaf_weight=5.565102151711474 5.729545031674208 5.6858349490648825 5.5554829204920679
leaf_count=172 257 307 90
internal_value=-3.28352e-06 0.00298432 -0.002892
internal_weight=22.536 16.9709 11.285
internal_count=826 654 347
is_linear=0
shrinkage=0.05


Tree=336
num_leaves=4
num_cat=0
split_feature=129 122 83
split_gain=0.241114 0.69541 0.544215
threshold=7.2449998855590829 8.7931556701660174 1.0000000180025095e-35
decision_type=2 2 2
left_child=1 -1 -3
right_child=-2 2 -4
leaf_value=-0.0099568408744612879 -0.0086875299999679082 -0.0011739087130763499 0.019569019482409449
leaf_weight=6.0000642968225355 5.0281608576187855 5.8317373088357254 5.6418995345011353
leaf_count=184 107 233 302
internal_value=-4.79661e-06 0.00282873 0.00977707
internal_weight=22.5019 17.4737 11.4736
internal_count=826 719 535
is_linear=0
shrinkage=0.05


Tree=337
num_leaves=4
num_cat=0
split_feature=46 159 132
split_gain=0.245218 1.06559 0.392336
threshold=0.89587974548339855 1.0000000180025095e-35 0.89587974548339855
decision_type=2 2 2
left_child=1 -1 -2
right_child=2 -3 -4
leaf_value=-0.018762045058580968 0.014043645357726207 0.0089321434909434266 -0.0039605951418067945
leaf_weight=5.7310269773879572 5.1238499638420745 6.2917290320619941 5.3057496487163007
leaf_count=248 333 152 93
internal_value=-5.56045e-06 -0.00469617 0.00533935
internal_weight=22.4524 12.0228 10.4296
internal_count=826 400 426
is_linear=0
shrinkage=0.05


Tree=338
num_leaves=3
num_cat=0
split_feature=136 239
split_gain=0.251571 0.40946
threshold=2.7212089300155644 23.954999923706058
decision_type=2 2
left_child=1 -1
right_child=-2 -3
leaf_value=-0.010344051907545613 0.0085513765900534396 0.0043883930938453551
leaf_weight=8.3647064532851854 5.3512151648756108 8.6645205768290889
leaf_count=269 115 442
internal_value=-6.23006e-06 -0.0030205
internal_weight=22.3804 17.0292
internal_count=826 711
is_linear=0
shrinkage=0.05


Tree=339
num_leaves=4
num_cat=0
split_feature=128 239 65
split_gain=0.24414 0.460792 0.597289
threshold=0.27500000596046453 36.655000686645515 0.0019752966472879056
decision_type=2 2 2
left_child=-1 2 -2
right_child=1 -3 -4
leaf_value=0.0086823565979837758 -0.008092352228766907 -0.012557231702935026 0.01354853138170176
leaf_weight=5.0748597466154051 5.1929504047730024 6.4064797841419923 5.6689667680766433
leaf_count=276 137 240 173
internal_value=-9.25947e-07 -0.00288836 0.0033923
internal_weight=22.3433 17.2684 10.8619
internal_count=826 550 310
is_linear=0
shrinkage=0.05


Tree=340
num_leaves=3
num_cat=0
split_feature=166 0
split_gain=0.236408 0.433895
threshold=38.500000000000007 3.7256208658218388
decision_type=2 2
left_child=-1 -2
right_child=1 -3
leaf_value=-0.0055736451816597163 0.012993503322994083 -0.0043653751203700346
leaf_weight=9.6705209023784864 6.1117197570856643 6.5350229502073489
leaf_count=321 110 395
internal_value=1.68352e-06 0.00436096
internal_weight=22.3173 12.6467
internal_count=826 505
is_linear=0
shrinkage=0.05


Tree=341
num_leaves=3
num_cat=0
split_feature=130 122
split_gain=0.235032 0.678791
threshold=6.2550001144409189 8.7931556701660174
decision_type=2 2
left_child=1 -1
right_child=-2 -3
leaf_value=-0.0090018499122427736 -0.0070142274687214311 0.011313467179471539
leaf_weight=5.8612041602027629 6.9944013818458179 9.4321263751771749
leaf_count=174 145 507
internal_value=7.96297e-06 0.00345295
internal_weight=22.2877 15.2933
internal_count=826 681
is_linear=0
shrinkage=0.05


Tree=342
num_leaves=3
num_cat=0
split_feature=239 132
split_gain=0.229694 0.429902
threshold=23.534999847412113 0.89587974548339855
decision_type=2 2
left_child=-1 -2
right_child=1 -3
leaf_value=-0.0071122587391269816 0.0099336355370486604 -0.0059774829604943291
leaf_weight=6.7371907379711073 9.0352461424481572 6.4827641299925736
leaf_count=198 549 79
internal_value=-3.03243e-06 0.00332718
internal_weight=22.2552 15.518
internal_count=826 628
is_linear=0
shrinkage=0.05


Tree=343
num_leaves=4
num_cat=0
split_feature=122 102 65
split_gain=0.227981 0.531511 0.204133
threshold=12.788913726806642 7.7950000762939462 0.0061215669848024854
decision_type=2 2 2
left_child=1 -1 -3
right_child=-2 2 -4
leaf_value=0.008035898128029146 0.008082624404599727 -0.015180423351733127 -0.0015366747269691013
leaf_weight=6.1282564597786466 5.4040868134179609 5.5781816251692344 5.1286006672598887
leaf_count=212 128 282 204
internal_value=-1.00467e-05 -0.00291535 -0.00933452
internal_weight=22.2391 16.835 10.7068
internal_count=826 698 486
is_linear=0
shrinkage=0.05


Tree=344
num_leaves=3
num_cat=0
split_feature=136 239
split_gain=0.239542 0.398267
threshold=2.7212089300155644 23.954999923706058
decision_type=2 2
left_child=1 -1
right_child=-2 -3
leaf_value=-0.01019442334991128 0.0083707509018625705 0.004378465892537862
leaf_weight=8.3226831108331734 5.3049184549599877 8.5910556894377788
leaf_count=269 115 442
internal_value=-1.15582e-05 -0.00296115
internal_weight=22.2187 16.9137
internal_count=826 711
is_linear=0
shrinkage=0.05


Tree=345
num_leaves=4
num_cat=0
split_feature=167 127 134
split_gain=0.233569 0.409641 0.576132
threshold=3.0310379266738896 557.50000000000011 1.0000000180025095e-35
decision_type=2 2 2
left_child=-1 2 -2
right_child=1 -3 -4
leaf_value=-0.0081158878034169844 0.0078876178727133785 0.012908399781178742 -0.013117803405198393
leaf_weight=5.4937752265250337 5.6587044263142179 5.5690137905621659 5.460975258378312
leaf_count=172 257 307 90
internal_value=-6.02965e-06 0.00297156 -0.00265952
internal_weight=22.1825 16.6887 11.1197
internal_count=826 654 347
is_linear=0
shrinkage=0.05


Tree=346
num_leaves=3
num_cat=0
split_feature=136 239
split_gain=0.232082 0.360121
threshold=2.7212089300155644 23.954999923706058
decision_type=2 2
left_child=1 -1
right_child=-2 -3
leaf_value=-0.009810956027537468 0.0082572470493640013 0.0040684859189936652
leaf_weight=8.2812531925155835 5.2844988338183603 8.5847101479012036
leaf_count=269 115 442
internal_value=-7.34539e-06 -0.00291407
internal_weight=22.1505 16.866
internal_count=826 711
is_linear=0
shrinkage=0.05


Tree=347
num_leaves=4
num_cat=0
split_feature=128 239 65
split_gain=0.236531 0.459537 0.560859
threshold=0.27500000596046453 36.655000686645515 0.0019752966472879056
decision_type=2 2 2
left_child=-1 2 -2
right_child=1 -3 -4
leaf_value=0.0085793431749750914 -0.0077739968818771286 -0.012543868775004685 0.013306862859112076
leaf_weight=5.024183697212723 5.1197228056262265 6.3530685683799666 5.6191228932002559
leaf_count=276 137 240 173
internal_value=-2.04764e-06 -0.00285934 0.00345051
internal_weight=22.1161 17.0919 10.7388
internal_count=826 550 310
is_linear=0
shrinkage=0.05


Tree=348
num_leaves=3
num_cat=0
split_feature=137 127
split_gain=0.231199 0.900928
threshold=2.3502402305603032 191.50000000000003
decision_type=2 2
left_child=1 -1
right_child=-2 -3
leaf_value=0.0097067945641645999 0.0062395686082306716 -0.014308582728756965
leaf_weight=6.0896681977319549 8.1866820827126485 7.8145795289019588
leaf_count=208 124 494
internal_value=6.38582e-07 -0.00384496
internal_weight=22.0909 13.9042
internal_count=826 702
is_linear=0
shrinkage=0.05


Tree=349
num_leaves=4
num_cat=0
split_feature=122 167 3
split_gain=0.248517 0.503928 0.805219
threshold=12.788913726806642 3.3347171545028691 3.7256208658218388
decision_type=2 2 2
left_child=1 -1 -3
right_child=-2 2 -4
leaf_value=-0.014059273635918888 0.0084983648702238995 0.016118672890141489 -0.008728780632860993
leaf_weight=5.5775764439895346 5.3408992553013368 5.1760166794992966 5.9753559427335858
leaf_count=220 128 133 345
internal_value=3.21498e-06 -0.00303532 0.00318177
internal_weight=22.0698 16.7289 11.1514
internal_count=826 698 478
is_linear=0
shrinkage=0.05


Tree=350
num_leaves=4
num_cat=0
split_feature=122 102 65
split_gain=0.22786 0.478324 0.176537
threshold=12.788913726806642 7.7950000762939462 0.004183980869129301
decision_type=2 2 2
left_child=1 -1 -3
right_child=-2 2 -4
leaf_value=0.0075060161117106164 0.008131800992832651 -0.015017499510312794 -0.0021915599910310867
leaf_weight=6.0906293161679121 5.3474792989436528 5.0127030790026748 5.5718739503063262
leaf_count=212 128 238 248
internal_value=6.09811e-06 -0.00291233 -0.00903774
internal_weight=22.0227 16.6752 10.5846
internal_count=826 698 486
is_linear=0
shrinkage=0.05


Tree=351
num_leaves=3
num_cat=0
split_feature=239 52
split_gain=0.244329 0.394577
threshold=23.534999847412113 0.0064990478567779073
decision_type=2 2
left_child=-1 -2
right_child=1 -3
leaf_value=-0.0073417481675517211 0.012957608446032881 -0.0026821440587050569
leaf_weight=6.6955761447316062 5.5831908472755449 9.7242271984869131
leaf_count=198 175 453
internal_value=1.71739e-06 0.00346704
internal_weight=22.003 15.3074
internal_count=826 628
is_linear=0
shrinkage=0.05


Tree=352
num_leaves=4
num_cat=0
split_feature=37 159 132
split_gain=0.233457 1.05099 0.355636
threshold=0.89587974548339855 1.0000000180025095e-35 0.89587974548339855
decision_type=2 2 2
left_child=1 -1 -2
right_child=2 -3 -4
leaf_value=-0.018687779530322451 0.013612080732151186 0.0090115261388889721 -0.0037375029669202186
leaf_weight=5.6244555269368011 5.0251777491794183 6.199719040945638 5.132677456131205
leaf_count=248 333 152 93
internal_value=7.76249e-06 -0.00459413 0.00529621
internal_weight=21.982 11.8242 10.1579
internal_count=826 400 426
is_linear=0
shrinkage=0.05


Tree=353
num_leaves=3
num_cat=0
split_feature=136 239
split_gain=0.238658 0.36859
threshold=2.7212089300155644 23.954999923706058
decision_type=2 2
left_child=1 -1
right_child=-2 -3
leaf_value=-0.0099204028775601878 0.0084592088021155382 0.0041735290249115351
leaf_weight=8.2487881646957302 5.1888898469042024 8.475112799627821
leaf_count=269 115 442
internal_value=6.37482e-06 -0.00294557
internal_weight=21.9128 16.7239
internal_count=826 711
is_linear=0
shrinkage=0.05


Tree=354
num_leaves=3
num_cat=0
split_feature=130 122
split_gain=0.228297 0.639819
threshold=6.2550001144409189 8.7931556701660174
decision_type=2 2
left_child=1 -1
right_child=-2 -3
leaf_value=-0.0087542638151851034 -0.0069904077242865757 0.011109639355864174
leaf_weight=5.7689823804539655 6.8267256532271849 9.2822540851775539
leaf_count=174 145 507
internal_value=1.14815e-05 0.00342495
internal_weight=21.878 15.0512
internal_count=826 681
is_linear=0
shrinkage=0.05


Tree=355
num_leaves=4
num_cat=0
split_feature=167 127 134
split_gain=0.230726 0.377406 0.555393
threshold=3.0310379266738896 557.50000000000011 1.0000000180025095e-35
decision_type=2 2 2
left_child=-1 2 -2
right_child=1 -3 -4
leaf_value=-0.0081142929371398869 0.007892332683703077 0.012586997200238682 -0.012849848854087985
leaf_weight=5.406598206463971 5.6102012390911131 5.474490663749747 5.3559019407257438
leaf_count=172 257 307 90
internal_value=3.02413e-07 0.00298109 -0.0024655
internal_weight=21.8472 16.4406 10.9661
internal_count=826 654 347
is_linear=0
shrinkage=0.05


Tree=356
num_leaves=4
num_cat=0
split_feature=136 9 122
split_gain=0.229905 0.286606 0.378104
threshold=2.7212089300155644 2.6740521192550664 10.171760559082033
decision_type=2 2 2
left_child=1 -1 -3
right_child=-2 2 -4
leaf_value=0.0055996293317029881 0.008312006903555302 -0.015937216801764027 0.0015957144242835391
leaf_weight=5.6753169432049679 5.1639982876367858 5.2371144194912613 5.7401534199452726
leaf_count=163 115 268 280
internal_value=-1.41949e-06 -0.00290425 -0.00740126
internal_weight=21.8166 16.6526 10.9773
internal_count=826 711 548
is_linear=0
shrinkage=0.05


Tree=357
num_leaves=4
num_cat=0
split_feature=167 127 134
split_gain=0.22356 0.336284 0.512408
threshold=3.0310379266738896 557.50000000000011 1.0000000180025095e-35
decision_type=2 2 2
left_child=-1 2 -2
right_child=1 -3 -4
leaf_value=-0.0079932918403980736 0.0076814374545083608 0.012006950631040368 -0.012264160455864086
leaf_weight=5.3996949001157217 5.6229933976719639 5.4632263641688033 5.3105382120702416
leaf_count=172 257 307 90
internal_value=-3.08525e-06 0.00293643 -0.00222225
internal_weight=21.7965 16.3968 10.9335
internal_count=826 654 347
is_linear=0
shrinkage=0.05


Tree=358
num_leaves=3
num_cat=0
split_feature=136 239
split_gain=0.222779 0.338487
threshold=2.7212089300155644 23.954999923706058
decision_type=2 2
left_child=1 -1
right_child=-2 -3
leaf_value=-0.0095705219206521849 0.0081926033468419906 0.0039741388739452264
leaf_weight=8.1893218499026315 5.1455536549910894 8.4333983667311241
leaf_count=269 115 442
internal_value=-4.78243e-06 -0.00286318
internal_weight=21.7683 16.6227
internal_count=826 711
is_linear=0
shrinkage=0.05


Tree=359
num_leaves=3
num_cat=0
split_feature=130 131
split_gain=0.228933 0.367044
threshold=6.2550001144409189 484.00000000000006
decision_type=2 2
left_child=1 -1
right_child=-2 -3
leaf_value=-0.0031892401985807286 -0.007015916583552495 0.01177326563688111
leaf_weight=8.6630231842282246 6.8032478521345174 6.2690326019946943
leaf_count=255 145 426
internal_value=6.86763e-07 0.00343726
internal_weight=21.7353 14.9321
internal_count=826 681
is_linear=0
shrinkage=0.05


Tree=360
num_leaves=3
num_cat=0
split_feature=130 122
split_gain=0.209976 0.570397
threshold=6.2550001144409189 8.7931556701660174
decision_type=2 2
left_child=1 -1
right_child=-2 -3
leaf_value=-0.0082328419860298995 -0.0067237332090876404 0.01059181313542739
leaf_weight=5.7316869537171469 6.7878014579764558 9.1847001016139966
leaf_count=174 145 507
internal_value=3.98279e-06 0.00329557
internal_weight=21.7042 14.9164
internal_count=826 681
is_linear=0
shrinkage=0.05


Tree=361
num_leaves=4
num_cat=0
split_feature=167 44 130
split_gain=0.209374 0.30723 0.336418
threshold=3.0310379266738896 0.80357143282890331 2.3149999380111699
decision_type=2 2 2
left_child=-1 -2 -3
right_child=1 2 -4
leaf_value=-0.0077509818018709018 -0.0054295189438549416 -0.0012896368826418184 0.015915579682157253
leaf_weight=5.3761585480824605 6.1587625451211396 5.1079510311246814 5.0333964565797942
leaf_count=172 159 223 272
internal_value=-6.26922e-06 0.0028485 0.00791179
internal_weight=21.6763 16.3001 10.1413
internal_count=826 654 495
is_linear=0
shrinkage=0.05


Tree=362
num_leaves=3
num_cat=0
split_feature=136 127
split_gain=0.209335 0.312118
threshold=2.7212089300155644 191.50000000000003
decision_type=2 2
left_child=1 -1
right_child=-2 -3
leaf_value=0.0046528194951691504 0.0079460196719095232 -0.0084710225421665807
leaf_weight=7.2341311500640648 5.1344915106892577 9.2851830291037896
leaf_count=210 115 501
internal_value=-3.05914e-06 -0.0027863
internal_weight=21.6538 16.5193
internal_count=826 711
is_linear=0
shrinkage=0.05


Tree=363
num_leaves=4
num_cat=0
split_feature=122 102 65
split_gain=0.226791 0.510106 0.205145
threshold=12.788913726806642 7.7950000762939462 0.0061215669848024854
decision_type=2 2 2
left_child=1 -1 -3
right_child=-2 2 -4
leaf_value=0.007933390769252445 0.0081780840172315118 -0.015219947147214181 -0.0014100187791057036
leaf_weight=5.9629814201616744 5.2463226112449766 5.4198839033488166 5.0136949766601902
leaf_count=212 128 282 204
internal_value=5.88649e-06 -0.00292872 -0.00928753
internal_weight=21.6429 16.3966 10.4336
internal_count=826 698 486
is_linear=0
shrinkage=0.05


Tree=364
num_leaves=4
num_cat=0
split_feature=122 167 0
split_gain=0.208159 0.476688 0.808923
threshold=12.788913726806642 3.3347171545028691 3.7256208658218388
decision_type=2 2 2
left_child=1 -1 -3
right_child=-2 2 -4
leaf_value=-0.013667648871252804 0.0078266169827597189 0.016340550133380233 -0.0087709120395171609
leaf_weight=5.4312843481311637 5.2525656254583728 5.0743389953859133 5.8646685528219678
leaf_count=220 128 133 345
internal_value=3.73679e-06 -0.00281238 0.00327068
internal_weight=21.6229 16.3703 10.939
internal_count=826 698 478
is_linear=0
shrinkage=0.05


Tree=365
num_leaves=3
num_cat=0
split_feature=239 0
split_gain=0.214994 0.397333
threshold=23.534999847412113 3.7256208658218388
decision_type=2 2
left_child=-1 -2
right_child=1 -3
leaf_value=-0.0069464900217953221 0.0096395346068473883 -0.0059118178211792251
leaf_weight=6.5556745528010678 8.8552539092779607 6.1666565915220408
leaf_count=198 235 393
internal_value=6.49649e-06 0.00328501
internal_weight=21.5776 15.0219
internal_count=826 628
is_linear=0
shrinkage=0.05


Tree=366
num_leaves=4
num_cat=0
split_feature=167 127 135
split_gain=0.210156 0.321839 0.505777
threshold=3.0310379266738896 557.50000000000011 1.0000000180025095e-35
decision_type=2 2 2
left_child=-1 2 -2
right_child=1 -3 -4
leaf_value=-0.0077883828649961259 0.007654805971319437 0.011806183576627464 -0.012224620213914258
leaf_weight=5.3348905058228437 5.5967247971566412 5.3765357865922843 5.255438624182716
leaf_count=172 257 307 90
internal_value=-1.31689e-06 0.00286202 -0.00219147
internal_weight=21.5636 16.2287 10.8522
internal_count=826 654 347
is_linear=0
shrinkage=0.05


Tree=367
num_leaves=3
num_cat=0
split_feature=136 127
split_gain=0.207835 0.286599
threshold=2.7212089300155644 191.50000000000003
decision_type=2 2
left_child=1 -1
right_child=-2 -3
leaf_value=0.004365163211268736 0.007969572275945613 -0.0082305858984063392
leaf_weight=7.2239651464624393 5.0673273832071564 9.2449590459873416
leaf_count=210 115 501
internal_value=-3.06445e-06 -0.00277195
internal_weight=21.5363 16.4689
internal_count=826 711
is_linear=0
shrinkage=0.05


Tree=368
num_leaves=3
num_cat=0
split_feature=37 159
split_gain=0.207563 0.997016
threshold=0.89587974548339855 1.0000000180025095e-35
decision_type=2 2
left_child=1 -1
right_child=-2 -3
leaf_value=-0.018251999889891547 0.0050445973036727229 0.0089567315541482194
leaf_weight=5.4961681118584256 9.9363163687376055 6.093174708657898
leaf_count=248 426 152
internal_value=5.90057e-06 -0.00437167
internal_weight=21.5257 11.5893
internal_count=826 400
is_linear=0
shrinkage=0.05


Tree=369
num_leaves=3
num_cat=0
split_feature=130 131
split_gain=0.202613 0.345458
threshold=6.2550001144409189 484.00000000000006
decision_type=2 2
left_child=1 -1
right_child=-2 -3
leaf_value=-0.0031802132043675505 -0.0066524128704178774 0.01140934947445825
leaf_weight=8.6138906454434636 6.702384511998388 6.1602873629453816
leaf_count=255 145 426
internal_value=-5.31411e-06 0.00324074
internal_weight=21.4766 14.7742
internal_count=826 681
is_linear=0
shrinkage=0.05


Tree=370
num_leaves=4
num_cat=0
split_feature=122 102 65
split_gain=0.205931 0.499304 0.170627
threshold=12.788913726806642 7.7950000762939462 0.0060762146022170791
decision_type=2 2 2
left_child=1 -1 -3
right_child=-2 2 -4
leaf_value=0.007974698002719877 0.0078074280429737703 -0.014636715195651979 -0.001860145515025809
leaf_weight=5.9025630899705055 5.2074003539601099 5.3082615489838627 5.0289178535167594
leaf_count=212 128 279 207
internal_value=-1.65743e-06 -0.00281333 -0.00913339
internal_weight=21.4471 16.2397 10.3372
internal_count=826 698 486
is_linear=0
shrinkage=0.05


Tree=371
num_leaves=3
num_cat=0
split_feature=166 3
split_gain=0.207811 0.393743
threshold=38.500000000000007 3.7256208658218388
decision_type=2 2
left_child=-1 -2
right_child=1 -3
leaf_value=-0.0053068044776547266 0.012580423847663733 -0.0042762992246445858
leaf_weight=9.3289545293373539 5.8235448650084418 6.276173412144999
leaf_count=321 110 395
internal_value=-3.82325e-06 0.0041778
internal_weight=21.4287 12.0997
internal_count=826 505
is_linear=0
shrinkage=0.05


Tree=372
num_leaves=3
num_cat=0
split_feature=239 132
split_gain=0.207557 0.402747
threshold=23.534999847412113 0.89587974548339855
decision_type=2 2
left_child=-1 -2
right_child=1 -3
leaf_value=-0.0068573688819035406 0.0096890571390533236 -0.0060055989307761732
leaf_weight=6.4947069721529287 8.748190773490931 6.1587226814590386
leaf_count=198 549 79
internal_value=2.87433e-06 0.00323497
internal_weight=21.4016 14.9069
internal_count=826 628
is_linear=0
shrinkage=0.05


Tree=373
num_leaves=3
num_cat=0
split_feature=137 127
split_gain=0.20735 0.837821
threshold=2.3502402305603032 191.50000000000003
decision_type=2 2
left_child=1 -1
right_child=-2 -3
leaf_value=0.0094477746643678619 0.0060173660535475263 -0.013980596878092064
leaf_weight=5.974826040852351 7.8719303156249216 7.5395253268070519
leaf_count=208 124 494
internal_value=-4.70932e-06 -0.00368539
internal_weight=21.3863 13.5144
internal_count=826 702
is_linear=0
shrinkage=0.05


Tree=374
num_leaves=4
num_cat=0
split_feature=122 167 0
split_gain=0.200887 0.451447 0.721749
threshold=12.788913726806642 3.3347171545028691 3.7256208658218388
decision_type=2 2 2
left_child=1 -1 -3
right_child=-2 2 -4
leaf_value=-0.013403194363087918 0.0077263356645095125 0.015559664733652091 -0.0082718477593241874
leaf_weight=5.3625702475546921 5.1834515697555608 5.0217110371449944 5.7987573264399543
leaf_count=220 128 133 345
internal_value=-2.04878e-06 -0.00278305 0.00316887
internal_weight=21.3665 16.183 10.8205
internal_count=826 698 478
is_linear=0
shrinkage=0.05


Tree=375
num_leaves=3
num_cat=0
split_feature=239 0
split_gain=0.210364 0.353485
threshold=23.534999847412113 3.7256208658218388
decision_type=2 2
left_child=-1 -2
right_child=1 -3
leaf_value=-0.0069063454037993346 0.0092883146711412873 -0.0054660734187598689
leaf_weight=6.4855829639127505 8.7433526873646752 6.0952224542852482
leaf_count=198 235 393
internal_value=8.19621e-07 0.00326521
internal_weight=21.3242 14.8386
internal_count=826 628
is_linear=0
shrinkage=0.05


Tree=376
num_leaves=3
num_cat=0
split_feature=37 159
split_gain=0.213648 0.954115
threshold=0.89587974548339855 1.0000000180025095e-35
decision_type=2 2
left_child=1 -1
right_child=-2 -3
leaf_value=-0.01812206203574444 0.0051346944965245892 0.0086081811777875845
leaf_weight=5.4278946625418047 9.8250195493892516 6.0583105276455171
leaf_count=248 426 152
internal_value=-6.46857e-06 -0.00446312
internal_weight=21.3112 11.4862
internal_count=826 400
is_linear=0
shrinkage=0.05


Tree=377
num_leaves=3
num_cat=0
split_feature=166 3
split_gain=0.208829 0.353948
threshold=38.500000000000007 3.7256208658218388
decision_type=2 2
left_child=-1 -2
right_child=1 -3
leaf_value=-0.0053448605959241866 0.01220210246529611 -0.0038582039921236477
leaf_weight=9.2706594460178184 5.7553460357012209 6.2371370717446553
leaf_count=321 110 395
internal_value=-1.74355e-05 0.00419528
internal_weight=21.2631 11.9925
internal_count=826 505
is_linear=0
shrinkage=0.05


Tree=378
num_leaves=3
num_cat=0
split_feature=130 122
split_gain=0.206637 0.570805
threshold=6.2550001144409189 8.7931556701660174
decision_type=2 2
left_child=1 -1
right_child=-2 -3
leaf_value=-0.0082960964028574568 -0.0067667863934119917 0.010678391425231326
leaf_weight=5.655964310863058 6.609131788252852 8.97202662481868
leaf_count=174 145 507
internal_value=-1.00142e-05 0.00328044
internal_weight=21.2371 14.628
internal_count=826 681
is_linear=0
shrinkage=0.05


Tree=379
num_leaves=3
num_cat=0
split_feature=166 0
split_gain=0.196324 0.329432
threshold=38.500000000000007 3.7256208658218388
decision_type=2 2
left_child=-1 -2
right_child=1 -3
leaf_value=-0.0051948869008381195 0.011788024457797298 -0.0037187577100473838
leaf_weight=9.2386875697120576 5.7520980375120399 6.2189492116012843
leaf_count=321 110 395
internal_value=-1.98314e-05 0.00406662
internal_weight=21.2097 11.971
internal_count=826 505
is_linear=0
shrinkage=0.05


Tree=380
num_leaves=3
num_cat=0
split_feature=130 122
split_gain=0.196319 0.524834
threshold=6.2550001144409189 8.7931556701660174
decision_type=2 2
left_child=1 -1
right_child=-2 -3
leaf_value=-0.0079481252313405339 -0.0066066473415942713 0.01027675002593932
leaf_weight=5.6209223740734187 6.5906704754743251 8.9734216840151912
leaf_count=174 145 507
internal_value=-1.25509e-05 0.00319798
internal_weight=21.185 14.5943
internal_count=826 681
is_linear=0
shrinkage=0.05


Tree=381
num_leaves=3
num_cat=0
split_feature=239 132
split_gain=0.190301 0.411273
threshold=23.534999847412113 0.89587974548339855
decision_type=2 2
left_child=-1 -2
right_child=1 -3
leaf_value=-0.0066262159150698302 0.0096517482523119681 -0.0062749889118802115
leaf_weight=6.413865539943802 8.6514830936939671 6.0940770513843736
leaf_count=198 549 79
internal_value=-2.19971e-05 0.00308903
internal_weight=21.1594 14.7456
internal_count=826 628
is_linear=0
shrinkage=0.05


Tree=382
num_leaves=3
num_cat=0
split_feature=137 127
split_gain=0.195615 0.828739
threshold=2.3502402305603032 191.50000000000003
decision_type=2 2
left_child=1 -1
right_child=-2 -3
leaf_value=0.0095114406185634152 0.0058557165796034611 -0.013898511940286684
leaf_weight=5.9038800757261942 7.7734292906243345 7.466648021742003
leaf_count=208 124 494
internal_value=-2.85969e-05 -0.00361907
internal_weight=21.144 13.3705
internal_count=826 702
is_linear=0
shrinkage=0.05


Tree=383
num_leaves=3
num_cat=0
split_feature=166 0
split_gain=0.190066 0.330524
threshold=38.500000000000007 3.7256208658218388
decision_type=2 2
left_child=-1 -2
right_child=1 -3
leaf_value=-0.0051228011031500247 0.011775607149043705 -0.0037836180394036768
leaf_weight=9.2078538302448596 5.7099156253971142 6.2068924511549994
leaf_count=321 110 395
internal_value=-2.47508e-05 0.00400604
internal_weight=21.1247 11.9168
internal_count=826 505
is_linear=0
shrinkage=0.05


Tree=384
num_leaves=3
num_cat=0
split_feature=127 166
split_gain=0.188566 0.653225
threshold=1001.5000000000001 39.500000000000007
decision_type=2 2
left_child=1 -1
right_child=-2 -3
leaf_value=-0.0055569797058158121 -0.0073323761323976309 0.013939691636155252
leaf_weight=9.2934009158052522 5.3764943182177367 6.4301988668885306
leaf_count=275 234 317
internal_value=-1.72123e-05 0.002773
internal_weight=21.1001 15.7236
internal_count=826 592
is_linear=0
shrinkage=0.05


Tree=385
num_leaves=4
num_cat=0
split_feature=122 102 239
split_gain=0.20106 0.479785 0.106016
threshold=12.788913726806642 7.7950000762939462 23.954999923706058
decision_type=2 2 2
left_child=1 -1 -3
right_child=-2 2 -4
leaf_value=0.0078414391605674157 0.0077548148988209262 -0.0030457834331972761 -0.013629620027577442
leaf_weight=5.7989082640269798 5.1198978341417378 5.1023572995327395 5.0530936922586989
leaf_count=212 128 165 321
internal_value=-1.43119e-05 -0.00281784 -0.00906174
internal_weight=21.0743 15.9544 10.1555
internal_count=826 698 486
is_linear=0
shrinkage=0.05


Tree=386
num_leaves=3
num_cat=0
split_feature=239 132
split_gain=0.190605 0.38064
threshold=23.534999847412113 0.89587974548339855
decision_type=2 2
left_child=-1 -2
right_child=1 -3
leaf_value=-0.0066423307435866637 0.0094155125613732751 -0.0059456047343656587
leaf_weight=6.3792139005381641 8.6229405109625059 6.0565982968546441
leaf_count=198 549 79
internal_value=-1.65923e-05 0.00310272
internal_weight=21.0588 14.6795
internal_count=826 628
is_linear=0
shrinkage=0.05


Tree=387
num_leaves=3
num_cat=0
split_feature=137 239
split_gain=0.194628 0.773574
threshold=2.3502402305603032 23.894999504089359
decision_type=2 2
left_child=1 -1
right_child=-2 -3
leaf_value=-0.01467883152296235 0.0058554284268096529 0.0078759071876088535
leaf_weight=6.6356284736539255 7.7414578828029326 6.6668603507423541
leaf_count=250 124 452
internal_value=-2.33008e-05 -0.00361466
internal_weight=21.0439 13.3025
internal_count=826 702
is_linear=0
shrinkage=0.05


Tree=388
num_leaves=4
num_cat=0
split_feature=122 102 239
split_gain=0.183973 0.45834 0.114389
threshold=12.788913726806642 7.7950000762939462 23.954999923706058
decision_type=2 2 2
left_child=1 -1 -3
right_child=-2 2 -4
leaf_value=0.0077004415409898403 0.0074150113983984245 -0.0026889628161460913 -0.013561133636758642
leaf_weight=5.7927028573467423 5.1047635240247464 5.0698537246207689 5.0327094884996768
leaf_count=212 128 165 321
internal_value=-2.53767e-05 -0.00271231 -0.00883868
internal_weight=21 15.8953 10.1026
internal_count=826 698 486
is_linear=0
shrinkage=0.05


Tree=389
num_leaves=3
num_cat=0
split_feature=167 44
split_gain=0.189014 0.337142
threshold=3.0310379266738896 0.80357143282890331
decision_type=2 2
left_child=-1 -2
right_child=1 -3
leaf_value=-0.0075042341719092414 -0.0060885232678877981 0.0080820810481998292
leaf_weight=5.1784378733136718 5.9263721382594676 9.880510541130203
leaf_count=172 159 495
internal_value=-2.72297e-05 0.00272304
internal_weight=20.9853 15.8069
internal_count=826 654
is_linear=0
shrinkage=0.05


Tree=390
num_leaves=3
num_cat=0
split_feature=46 9
split_gain=0.178673 0.332949
threshold=0.89587974548339855 2.6740521192550664
decision_type=2 2
left_child=1 -1
right_child=-2 -3
leaf_value=0.0044192778085359727 0.0046867181290306979 -0.011574990181517272
leaf_weight=5.4218231935519743 9.6976915411360078 5.8569177952595055
leaf_count=162 426 238
internal_value=-3.87629e-05 -0.00415262
internal_weight=20.9764 11.2787
internal_count=826 400
is_linear=0
shrinkage=0.05


Tree=391
num_leaves=3
num_cat=0
split_feature=137 127
split_gain=0.178422 0.760349
threshold=2.3502402305603032 191.50000000000003
decision_type=2 2
left_child=1 -1
right_child=-2 -3
leaf_value=0.0090851408207369769 0.0055831001051318873 -0.01343050347632607
leaf_weight=5.8771797013469058 7.737649649847298 7.354464144751546
leaf_count=208 124 494
internal_value=-4.2848e-05 -0.00349394
internal_weight=20.9693 13.2316
internal_count=826 702
is_linear=0
shrinkage=0.05


Tree=392
num_leaves=4
num_cat=0
split_feature=122 102 128
split_gain=0.192777 0.404223 0.0437966
threshold=12.788913726806642 7.7950000762939462 0.44499999284744268
decision_type=2 2 2
left_child=1 -1 -3
right_child=-2 2 -4
leaf_value=0.0069891601404513323 0.0075995910520398786 -0.011682829610822777 -0.0040327218903482625
leaf_weight=5.8091924118343767 5.0762191741086999 5.0074648805311863 5.0587216924468521
leaf_count=212 128 256 230
internal_value=-3.87221e-05 -0.00278671 -0.00855013
internal_weight=20.9516 15.8754 10.0662
internal_count=826 698 486
is_linear=0
shrinkage=0.05


Tree=393
num_leaves=3
num_cat=0
split_feature=239 52
split_gain=0.183369 0.357873
threshold=23.534999847412113 0.0064990478567779073
decision_type=2 2
left_child=-1 -2
right_child=1 -3
leaf_value=-0.0065648909061164495 0.01231053015806712 -0.002900864097237903
leaf_weight=6.3246955064823878 5.2715735861565909 9.3398348242044431
leaf_count=198 175 453
internal_value=-3.98378e-05 0.00302419
internal_weight=20.9361 14.6114
internal_count=826 628
is_linear=0
shrinkage=0.05


Tree=394
num_leaves=3
num_cat=0
split_feature=37 159
split_gain=0.177991 0.969473
threshold=0.89587974548339855 1.0000000180025095e-35
decision_type=2 2
left_child=1 -1
right_child=-2 -3
leaf_value=-0.018067634230906428 0.0046925187279675921 0.0091000174348040402
leaf_weight=5.3064877560245822 9.6655896933953027 5.9452869586530142
leaf_count=248 426 152
internal_value=-3.16006e-05 -0.00414153
internal_weight=20.9174 11.2518
internal_count=826 400
is_linear=0
shrinkage=0.05


Tree=395
num_leaves=4
num_cat=0
split_feature=167 127 134
split_gain=0.183917 0.301927 0.489696
threshold=3.0310379266738896 557.50000000000011 1.0000000180025095e-35
decision_type=2 2 2
left_child=-1 2 -2
right_child=1 -3 -4
leaf_value=-0.0074472445576384333 0.0075219167079220847 0.011492896217146187 -0.012265231523457985
leaf_weight=5.1323231520364088 5.4663943707419076 5.1725228561408576 5.0996685115387663
leaf_count=172 257 307 90
internal_value=-4.12837e-05 0.00267442 -0.00226301
internal_weight=20.8709 15.7386 10.5661
internal_count=826 654 347
is_linear=0
shrinkage=0.05


end of trees

feature_importances:
Column_122=127
Column_167=122
Column_127=108
Column_239=106
Column_166=100
Column_102=84
Column_128=72
Column_159=66
Column_136=64
Column_132=57
Column_130=56
Column_0=46
Column_169=45
Column_125=43
Column_129=43
Column_137=42
Column_165=38
Column_65=36
Column_121=32
Column_37=28
Column_54=26
Column_123=26
Column_69=24
Column_134=24
Column_9=23
Column_42=23
Column_131=23
Column_133=18
Column_124=17
Column_126=14
Column_153=13
Column_3=11
Column_39=11
Column_161=11
Column_168=10
Column_66=8
Column_143=7
Column_12=6
Column_52=6
Column_141=6
Column_23=5
Column_36=5
Column_135=5
Column_40=4
Column_44=4
Column_10=3
Column_24=3
Column_30=3
Column_237=3
Column_11=2
Column_46=2
Column_56=2
Column_212=2
Column_17=1
Column_81=1
Column_83=1
Column_90=1
Column_138=1
Column_140=1
Column_142=1
Column_144=1

parameters:
[boosting: gbdt]
[objective: binary]
[metric: binary_logloss]
[tree_learner: serial]
[device_type: cpu]
[data_sample_strategy: bagging]
[data: ]
[valid: ]
[num_iterations: 400]
[learning_rate: 0.05]
[num_leaves: 96]
[num_threads: 64]
[seed: 45]
[deterministic: 0]
[force_col_wise: 1]
[force_row_wise: 0]
[histogram_pool_size: -1]
[max_depth: 12]
[min_data_in_leaf: 50]
[min_sum_hessian_in_leaf: 5]
[bagging_fraction: 0.8]
[pos_bagging_fraction: 1]
[neg_bagging_fraction: 1]
[bagging_freq: 0]
[bagging_seed: 32645]
[bagging_by_query: 0]
[feature_fraction: 0.8]
[feature_fraction_bynode: 1]
[feature_fraction_seed: 3942]
[extra_trees: 0]
[extra_seed: 24660]
[early_stopping_round: 0]
[early_stopping_min_delta: 0]
[first_metric_only: 0]
[max_delta_step: 0]
[lambda_l1: 0]
[lambda_l2: 1]
[linear_lambda: 0]
[min_gain_to_split: 0]
[drop_rate: 0.1]
[max_drop: 50]
[skip_drop: 0.5]
[xgboost_dart_mode: 0]
[uniform_drop: 0]
[drop_seed: 5926]
[top_rate: 0.2]
[other_rate: 0.1]
[min_data_per_group: 100]
[max_cat_threshold: 32]
[cat_l2: 10]
[cat_smooth: 10]
[max_cat_to_onehot: 4]
[top_k: 20]
[monotone_constraints: ]
[monotone_constraints_method: basic]
[monotone_penalty: 0]
[feature_contri: ]
[forcedsplits_filename: ]
[refit_decay_rate: 0.9]
[cegb_tradeoff: 1]
[cegb_penalty_split: 0]
[cegb_penalty_feature_lazy: ]
[cegb_penalty_feature_coupled: ]
[path_smooth: 0]
[interaction_constraints: ]
[verbosity: -1]
[saved_feature_importance_type: 0]
[use_quantized_grad: 0]
[num_grad_quant_bins: 4]
[quant_train_renew_leaf: 0]
[stochastic_rounding: 1]
[linear_tree: 0]
[max_bin: 255]
[max_bin_by_feature: ]
[min_data_in_bin: 3]
[bin_construct_sample_cnt: 200000]
[data_random_seed: 185]
[is_enable_sparse: 1]
[enable_bundle: 1]
[use_missing: 1]
[zero_as_missing: 0]
[feature_pre_filter: 1]
[pre_partition: 0]
[two_round: 0]
[header: 0]
[label_column: ]
[weight_column: ]
[group_column: ]
[ignore_column: ]
[categorical_feature: ]
[forcedbins_filename: ]
[precise_float_parser: 0]
[parser_config_file: ]
[objective_seed: 14259]
[num_class: 1]
[is_unbalance: 0]
[scale_pos_weight: 0.753715]
[sigmoid: 1]
[boost_from_average: 1]
[reg_sqrt: 0]
[alpha: 0.9]
[fair_c: 1]
[poisson_max_delta_step: 0.7]
[tweedie_variance_power: 1.5]
[lambdarank_truncation_level: 30]
[lambdarank_norm: 1]
[label_gain: ]
[lambdarank_position_bias_regularization: 0]
[eval_at: ]
[multi_error_top_k: 1]
[auc_mu_weights: ]
[num_machines: 1]
[local_listen_port: 12400]
[time_out: 120]
[machine_list_filename: ]
[machines: ]
[gpu_platform_id: -1]
[gpu_device_id: -1]
[gpu_use_dp: 0]
[num_gpu: 1]

end of parameters

pandas_categorical:null
